,image_paths
0,/data/Tobii_dataset/testing_images/test_shahid_CoffeeVendingMachine_S1/image_0.jpg
1,/data/Tobii_dataset/testing_images/test_shahid_CoffeeVendingMachine_S1/image_1.jpg
2,/data/Tobii_dataset/testing_images/test_shahid_CoffeeVendingMachine_S1/image_2.jpg
3,/data/Tobii_dataset/testing_images/test_shahid_CoffeeVendingMachine_S1/image_3.jpg
4,/data/Tobii_dataset/testing_images/test_shahid_CoffeeVendingMachine_S1/image_4.jpg
5,/data/Tobii_dataset/testing_images/test_shahid_CoffeeVendingMachine_S1/image_5.jpg
6,/data/Tobii_dataset/testing_images/test_shahid_CoffeeVendingMachine_S1/image_6.jpg
7,/data/Tobii_dataset/testing_images/test_shahid_CoffeeVendingMachine_S1/image_7.jpg
8,/data/Tobii_dataset/testing_images/test_shahid_CoffeeVendingMachine_S1/image_8.jpg
9,/data/Tobii_dataset/testing_images/test_shahid_CoffeeVendingMachine_S1/image_9.jpg
10,/data/Tobii_dataset/testing_images/test_shahid_CoffeeVendingMachine_S1/image_10.jpg
11,/data/Tobii_dataset/testing_images/test_shahid_CoffeeVendingMachine_S1/image_11.jpg
12,/data/Tobii_dataset/testing_images/test_shahid_CoffeeVendingMachine_S1/image_12.jpg
13,/data/Tobii_dataset/testing_images/test_shahid_CoffeeVendingMachine_S1/image_13.jpg
14,/data/Tobii_dataset/testing_images/test_shahid_CoffeeVendingMachine_S1/image_14.jpg
15,/data/Tobii_dataset/testing_images/test_shahid_CoffeeVendingMachine_S1/image_15.jpg
16,/data/Tobii_dataset/testing_images/test_shahid_CoffeeVendingMachine_S1/image_16.jpg
17,/data/Tobii_dataset/testing_images/test_shahid_CoffeeVendingMachine_S1/image_17.jpg
18,/data/Tobii_dataset/testing_images/test_shahid_CoffeeVendingMachine_S1/image_18.jpg
19,/data/Tobii_dataset/testing_images/test_shahid_CoffeeVendingMachine_S1/image_19.jpg
20,/data/Tobii_dataset/testing_images/test_shahid_CoffeeVendingMachine_S1/image_20.jpg
21,/data/Tobii_dataset/testing_images/test_shahid_CoffeeVendingMachine_S1/image_21.jpg
22,/data/Tobii_dataset/testing_images/test_shahid_CoffeeVendingMachine_S1/image_22.jpg
23,/data/Tobii_dataset/testing_images/test_shahid_CoffeeVendingMachine_S1/image_23.jpg
24,/data/Tobii_dataset/testing_images/test_shahid_CoffeeVendingMachine_S1/image_24.jpg
25,/data/Tobii_dataset/testing_images/test_shahid_CoffeeVendingMachine_S1/image_25.jpg
26,/data/Tobii_dataset/testing_images/test_shahid_CoffeeVendingMachine_S1/image_26.jpg
27,/data/Tobii_dataset/testing_images/test_shahid_CoffeeVendingMachine_S1/image_27.jpg
28,/data/Tobii_dataset/testing_images/test_shahid_CoffeeVendingMachine_S1/image_28.jpg
29,/data/Tobii_dataset/testing_images/test_shahid_CoffeeVendingMachine_S1/image_29.jpg
30,/data/Tobii_dataset/testing_images/test_shahid_CoffeeVendingMachine_S1/image_30.jpg
31,/data/Tobii_dataset/testing_images/test_shahid_CoffeeVendingMachine_S1/image_31.jpg
32,/data/Tobii_dataset/testing_images/test_shahid_CoffeeVendingMachine_S1/image_32.jpg
33,/data/Tobii_dataset/testing_images/test_shahid_CoffeeVendingMachine_S1/image_33.jpg
34,/data/Tobii_dataset/testing_images/test_shahid_CoffeeVendingMachine_S1/image_34.jpg
35,/data/Tobii_dataset/testing_images/test_shahid_CoffeeVendingMachine_S1/image_35.jpg
36,/data/Tobii_dataset/testing_images/test_shahid_CoffeeVendingMachine_S1/image_36.jpg
37,/data/Tobii_dataset/testing_images/test_shahid_CoffeeVendingMachine_S1/image_37.jpg
38,/data/Tobii_dataset/testing_images/test_shahid_CoffeeVendingMachine_S1/image_38.jpg
39,/data/Tobii_dataset/testing_images/test_shahid_CoffeeVendingMachine_S1/image_39.jpg
40,/data/Tobii_dataset/testing_images/test_shahid_CoffeeVendingMachine_S1/image_40.jpg
41,/data/Tobii_dataset/testing_images/test_shahid_CoffeeVendingMachine_S1/image_41.jpg
42,/data/Tobii_dataset/testing_images/test_shahid_CoffeeVendingMachine_S1/image_42.jpg
43,/data/Tobii_dataset/testing_images/test_shahid_CoffeeVendingMachine_S1/image_43.jpg
44,/data/Tobii_dataset/testing_images/test_shahid_CoffeeVendingMachine_S1/image_44.jpg
45,/data/Tobii_dataset/testing_images/test_shahid_CoffeeVendingMachine_S1/image_45.jpg
46,/data/Tobii_dataset/testing_images/test_shahid_CoffeeVendingMachine_S1/image_46.jpg
47,/data/Tobii_dataset/testing_images/test_shahid_CoffeeVendingMachine_S1/image_47.jpg
48,/data/Tobii_dataset/testing_images/test_shahid_CoffeeVendingMachine_S1/image_48.jpg
49,/data/Tobii_dataset/testing_images/test_shahid_CoffeeVendingMachine_S1/image_49.jpg
50,/data/Tobii_dataset/testing_images/test_shahid_CoffeeVendingMachine_S1/image_50.jpg
51,/data/Tobii_dataset/testing_images/test_shahid_CoffeeVendingMachine_S1/image_51.jpg
52,/data/Tobii_dataset/testing_images/test_shahid_CoffeeVendingMachine_S1/image_52.jpg
53,/data/Tobii_dataset/testing_images/test_shahid_CoffeeVendingMachine_S1/image_53.jpg
54,/data/Tobii_dataset/testing_images/test_shahid_CoffeeVendingMachine_S1/image_54.jpg
55,/data/Tobii_dataset/testing_images/test_shahid_CoffeeVendingMachine_S1/image_55.jpg
56,/data/Tobii_dataset/testing_images/test_shahid_CoffeeVendingMachine_S1/image_56.jpg
57,/data/Tobii_dataset/testing_images/test_shahid_CoffeeVendingMachine_S1/image_57.jpg
58,/data/Tobii_dataset/testing_images/test_shahid_CoffeeVendingMachine_S1/image_58.jpg
59,/data/Tobii_dataset/testing_images/test_shahid_CoffeeVendingMachine_S1/image_59.jpg
60,/data/Tobii_dataset/testing_images/test_shahid_CoffeeVendingMachine_S1/image_60.jpg
61,/data/Tobii_dataset/testing_images/test_shahid_CoffeeVendingMachine_S1/image_61.jpg
62,/data/Tobii_dataset/testing_images/test_shahid_CoffeeVendingMachine_S1/image_62.jpg
63,/data/Tobii_dataset/testing_images/test_shahid_CoffeeVendingMachine_S1/image_63.jpg
64,/data/Tobii_dataset/testing_images/test_shahid_CoffeeVendingMachine_S1/image_64.jpg
65,/data/Tobii_dataset/testing_images/test_shahid_CoffeeVendingMachine_S1/image_65.jpg
66,/data/Tobii_dataset/testing_images/test_shahid_CoffeeVendingMachine_S1/image_66.jpg
67,/data/Tobii_dataset/testing_images/test_shahid_CoffeeVendingMachine_S1/image_67.jpg
68,/data/Tobii_dataset/testing_images/test_shahid_CoffeeVendingMachine_S1/image_68.jpg
69,/data/Tobii_dataset/testing_images/test_shahid_CoffeeVendingMachine_S1/image_69.jpg
70,/data/Tobii_dataset/testing_images/test_shahid_CoffeeVendingMachine_S1/image_70.jpg
71,/data/Tobii_dataset/testing_images/test_shahid_CoffeeVendingMachine_S1/image_71.jpg
72,/data/Tobii_dataset/testing_images/test_shahid_CoffeeVendingMachine_S1/image_72.jpg
73,/data/Tobii_dataset/testing_images/test_shahid_CoffeeVendingMachine_S1/image_73.jpg
74,/data/Tobii_dataset/testing_images/test_shahid_CoffeeVendingMachine_S1/image_74.jpg
75,/data/Tobii_dataset/testing_images/test_shahid_CoffeeVendingMachine_S1/image_75.jpg
76,/data/Tobii_dataset/testing_images/test_shahid_CoffeeVendingMachine_S1/image_76.jpg
77,/data/Tobii_dataset/testing_images/test_shahid_CoffeeVendingMachine_S1/image_77.jpg
78,/data/Tobii_dataset/testing_images/test_shahid_CoffeeVendingMachine_S1/image_78.jpg
79,/data/Tobii_dataset/testing_images/test_shahid_CoffeeVendingMachine_S1/image_79.jpg
80,/data/Tobii_dataset/testing_images/test_shahid_CoffeeVendingMachine_S1/image_80.jpg
81,/data/Tobii_dataset/testing_images/test_shahid_CoffeeVendingMachine_S1/image_81.jpg
82,/data/Tobii_dataset/testing_images/test_shahid_CoffeeVendingMachine_S1/image_82.jpg
83,/data/Tobii_dataset/testing_images/test_shahid_CoffeeVendingMachine_S1/image_83.jpg
84,/data/Tobii_dataset/testing_images/test_shahid_CoffeeVendingMachine_S1/image_84.jpg
85,/data/Tobii_dataset/testing_images/test_shahid_CoffeeVendingMachine_S1/image_85.jpg
86,/data/Tobii_dataset/testing_images/test_shahid_CoffeeVendingMachine_S1/image_86.jpg
87,/data/Tobii_dataset/testing_images/test_shahid_CoffeeVendingMachine_S1/image_87.jpg
88,/data/Tobii_dataset/testing_images/test_shahid_CoffeeVendingMachine_S1/image_88.jpg
89,/data/Tobii_dataset/testing_images/test_shahid_CoffeeVendingMachine_S1/image_89.jpg
90,/data/Tobii_dataset/testing_images/test_shahid_CoffeeVendingMachine_S1/image_90.jpg
91,/data/Tobii_dataset/testing_images/test_shahid_CoffeeVendingMachine_S1/image_91.jpg
92,/data/Tobii_dataset/testing_images/test_shahid_CoffeeVendingMachine_S1/image_92.jpg
93,/data/Tobii_dataset/testing_images/test_shahid_CoffeeVendingMachine_S1/image_93.jpg
94,/data/Tobii_dataset/testing_images/test_shahid_CoffeeVendingMachine_S1/image_94.jpg
95,/data/Tobii_dataset/testing_images/test_shahid_CoffeeVendingMachine_S1/image_95.jpg
96,/data/Tobii_dataset/testing_images/test_shahid_CoffeeVendingMachine_S1/image_96.jpg
97,/data/Tobii_dataset/testing_images/test_shahid_CoffeeVendingMachine_S1/image_97.jpg
98,/data/Tobii_dataset/testing_images/test_shahid_CoffeeVendingMachine_S1/image_98.jpg
99,/data/Tobii_dataset/testing_images/test_shahid_CoffeeVendingMachine_S1/image_99.jpg
100,/data/Tobii_dataset/testing_images/test_shahid_CoffeeVendingMachine_S1/image_100.jpg
101,/data/Tobii_dataset/testing_images/test_shahid_CoffeeVendingMachine_S1/image_101.jpg
102,/data/Tobii_dataset/testing_images/test_shahid_CoffeeVendingMachine_S1/image_102.jpg
103,/data/Tobii_dataset/testing_images/test_shahid_CoffeeVendingMachine_S1/image_103.jpg
104,/data/Tobii_dataset/testing_images/test_shahid_CoffeeVendingMachine_S1/image_104.jpg
105,/data/Tobii_dataset/testing_images/test_shahid_CoffeeVendingMachine_S1/image_105.jpg
106,/data/Tobii_dataset/testing_images/test_shahid_CoffeeVendingMachine_S1/image_106.jpg
107,/data/Tobii_dataset/testing_images/test_shahid_CoffeeVendingMachine_S1/image_107.jpg
108,/data/Tobii_dataset/testing_images/test_shahid_CoffeeVendingMachine_S1/image_108.jpg
109,/data/Tobii_dataset/testing_images/test_shahid_CoffeeVendingMachine_S1/image_109.jpg
110,/data/Tobii_dataset/testing_images/test_shahid_CoffeeVendingMachine_S1/image_110.jpg
111,/data/Tobii_dataset/testing_images/test_shahid_CoffeeVendingMachine_S1/image_111.jpg
112,/data/Tobii_dataset/testing_images/test_shahid_CoffeeVendingMachine_S1/image_112.jpg
113,/data/Tobii_dataset/testing_images/test_shahid_CoffeeVendingMachine_S1/image_113.jpg
114,/data/Tobii_dataset/testing_images/test_shahid_CoffeeVendingMachine_S1/image_114.jpg
115,/data/Tobii_dataset/testing_images/test_shahid_CoffeeVendingMachine_S1/image_115.jpg
116,/data/Tobii_dataset/testing_images/test_shahid_CoffeeVendingMachine_S1/image_116.jpg
117,/data/Tobii_dataset/testing_images/test_shahid_CoffeeVendingMachine_S1/image_117.jpg
118,/data/Tobii_dataset/testing_images/test_shahid_CoffeeVendingMachine_S1/image_118.jpg
119,/data/Tobii_dataset/testing_images/test_shahid_CoffeeVendingMachine_S1/image_119.jpg
120,/data/Tobii_dataset/testing_images/test_shahid_CoffeeVendingMachine_S1/image_120.jpg
121,/data/Tobii_dataset/testing_images/test_shahid_CoffeeVendingMachine_S1/image_121.jpg
122,/data/Tobii_dataset/testing_images/test_shahid_CoffeeVendingMachine_S1/image_122.jpg
123,/data/Tobii_dataset/testing_images/test_shahid_CoffeeVendingMachine_S1/image_123.jpg
124,/data/Tobii_dataset/testing_images/test_shahid_CoffeeVendingMachine_S1/image_124.jpg
125,/data/Tobii_dataset/testing_images/test_shahid_CoffeeVendingMachine_S1/image_125.jpg
126,/data/Tobii_dataset/testing_images/test_shahid_CoffeeVendingMachine_S1/image_126.jpg
127,/data/Tobii_dataset/testing_images/test_shahid_CoffeeVendingMachine_S1/image_127.jpg
128,/data/Tobii_dataset/testing_images/test_shahid_CoffeeVendingMachine_S1/image_128.jpg
129,/data/Tobii_dataset/testing_images/test_shahid_CoffeeVendingMachine_S1/image_129.jpg
130,/data/Tobii_dataset/testing_images/test_shahid_CoffeeVendingMachine_S1/image_130.jpg
131,/data/Tobii_dataset/testing_images/test_shahid_CoffeeVendingMachine_S1/image_131.jpg
132,/data/Tobii_dataset/testing_images/test_shahid_CoffeeVendingMachine_S1/image_132.jpg
133,/data/Tobii_dataset/testing_images/test_shahid_CoffeeVendingMachine_S1/image_133.jpg
134,/data/Tobii_dataset/testing_images/test_shahid_CoffeeVendingMachine_S1/image_134.jpg
135,/data/Tobii_dataset/testing_images/test_shahid_CoffeeVendingMachine_S1/image_135.jpg
136,/data/Tobii_dataset/testing_images/test_shahid_CoffeeVendingMachine_S1/image_136.jpg
137,/data/Tobii_dataset/testing_images/test_shahid_CoffeeVendingMachine_S1/image_137.jpg
138,/data/Tobii_dataset/testing_images/test_shahid_CoffeeVendingMachine_S1/image_138.jpg
139,/data/Tobii_dataset/testing_images/test_shahid_CoffeeVendingMachine_S1/image_139.jpg
140,/data/Tobii_dataset/testing_images/test_shahid_CoffeeVendingMachine_S1/image_140.jpg
141,/data/Tobii_dataset/testing_images/test_shahid_CoffeeVendingMachine_S1/image_141.jpg
142,/data/Tobii_dataset/testing_images/test_shahid_CoffeeVendingMachine_S1/image_142.jpg
143,/data/Tobii_dataset/testing_images/test_shahid_CoffeeVendingMachine_S1/image_143.jpg
144,/data/Tobii_dataset/testing_images/test_shahid_CoffeeVendingMachine_S1/image_144.jpg
145,/data/Tobii_dataset/testing_images/test_shahid_CoffeeVendingMachine_S1/image_145.jpg
146,/data/Tobii_dataset/testing_images/test_shahid_CoffeeVendingMachine_S1/image_146.jpg
147,/data/Tobii_dataset/testing_images/test_shahid_CoffeeVendingMachine_S1/image_147.jpg
148,/data/Tobii_dataset/testing_images/test_shahid_CoffeeVendingMachine_S1/image_148.jpg
149,/data/Tobii_dataset/testing_images/test_shahid_CoffeeVendingMachine_S1/image_149.jpg
150,/data/Tobii_dataset/testing_images/test_shahid_CoffeeVendingMachine_S1/image_150.jpg
151,/data/Tobii_dataset/testing_images/test_shahid_CoffeeVendingMachine_S1/image_151.jpg
152,/data/Tobii_dataset/testing_images/test_shahid_CoffeeVendingMachine_S1/image_152.jpg
153,/data/Tobii_dataset/testing_images/test_shahid_CoffeeVendingMachine_S1/image_153.jpg
154,/data/Tobii_dataset/testing_images/test_shahid_CoffeeVendingMachine_S1/image_154.jpg
155,/data/Tobii_dataset/testing_images/test_shahid_CoffeeVendingMachine_S1/image_155.jpg
156,/data/Tobii_dataset/testing_images/test_shahid_CoffeeVendingMachine_S1/image_156.jpg
157,/data/Tobii_dataset/testing_images/test_shahid_CoffeeVendingMachine_S1/image_157.jpg
158,/data/Tobii_dataset/testing_images/test_shahid_CoffeeVendingMachine_S1/image_158.jpg
159,/data/Tobii_dataset/testing_images/test_shahid_CoffeeVendingMachine_S1/image_159.jpg
160,/data/Tobii_dataset/testing_images/test_shahid_CoffeeVendingMachine_S1/image_160.jpg
161,/data/Tobii_dataset/testing_images/test_shahid_CoffeeVendingMachine_S1/image_161.jpg
162,/data/Tobii_dataset/testing_images/test_shahid_CoffeeVendingMachine_S1/image_162.jpg
163,/data/Tobii_dataset/testing_images/test_shahid_CoffeeVendingMachine_S1/image_163.jpg
164,/data/Tobii_dataset/testing_images/test_shahid_CoffeeVendingMachine_S1/image_164.jpg
165,/data/Tobii_dataset/testing_images/test_shahid_CoffeeVendingMachine_S1/image_165.jpg
166,/data/Tobii_dataset/testing_images/test_shahid_CoffeeVendingMachine_S1/image_166.jpg
167,/data/Tobii_dataset/testing_images/test_shahid_CoffeeVendingMachine_S1/image_167.jpg
168,/data/Tobii_dataset/testing_images/test_shahid_CoffeeVendingMachine_S1/image_168.jpg
169,/data/Tobii_dataset/testing_images/test_shahid_CoffeeVendingMachine_S1/image_169.jpg
170,/data/Tobii_dataset/testing_images/test_shahid_CoffeeVendingMachine_S1/image_170.jpg
171,/data/Tobii_dataset/testing_images/test_shahid_CoffeeVendingMachine_S1/image_171.jpg
172,/data/Tobii_dataset/testing_images/test_shahid_CoffeeVendingMachine_S1/image_172.jpg
173,/data/Tobii_dataset/testing_images/test_shahid_CoffeeVendingMachine_S1/image_173.jpg
174,/data/Tobii_dataset/testing_images/test_shahid_CoffeeVendingMachine_S1/image_174.jpg
175,/data/Tobii_dataset/testing_images/test_shahid_CoffeeVendingMachine_S1/image_175.jpg
176,/data/Tobii_dataset/testing_images/test_shahid_CoffeeVendingMachine_S1/image_176.jpg
177,/data/Tobii_dataset/testing_images/test_shahid_CoffeeVendingMachine_S1/image_177.jpg
178,/data/Tobii_dataset/testing_images/test_shahid_CoffeeVendingMachine_S1/image_178.jpg
179,/data/Tobii_dataset/testing_images/test_shahid_CoffeeVendingMachine_S1/image_179.jpg
180,/data/Tobii_dataset/testing_images/test_shahid_CoffeeVendingMachine_S1/image_180.jpg
181,/data/Tobii_dataset/testing_images/test_shahid_CoffeeVendingMachine_S1/image_181.jpg
182,/data/Tobii_dataset/testing_images/test_shahid_CoffeeVendingMachine_S1/image_182.jpg
183,/data/Tobii_dataset/testing_images/test_shahid_CoffeeVendingMachine_S1/image_183.jpg
184,/data/Tobii_dataset/testing_images/test_shahid_CoffeeVendingMachine_S1/image_184.jpg
185,/data/Tobii_dataset/testing_images/test_shahid_CoffeeVendingMachine_S1/image_185.jpg
186,/data/Tobii_dataset/testing_images/test_shahid_CoffeeVendingMachine_S1/image_186.jpg
187,/data/Tobii_dataset/testing_images/test_shahid_CoffeeVendingMachine_S1/image_187.jpg
188,/data/Tobii_dataset/testing_images/test_shahid_CoffeeVendingMachine_S1/image_188.jpg
189,/data/Tobii_dataset/testing_images/test_shahid_CoffeeVendingMachine_S1/image_189.jpg
190,/data/Tobii_dataset/testing_images/test_shahid_CoffeeVendingMachine_S1/image_190.jpg
191,/data/Tobii_dataset/testing_images/test_shahid_CoffeeVendingMachine_S1/image_191.jpg
192,/data/Tobii_dataset/testing_images/test_shahid_CoffeeVendingMachine_S1/image_192.jpg
193,/data/Tobii_dataset/testing_images/test_shahid_CoffeeVendingMachine_S1/image_193.jpg
194,/data/Tobii_dataset/testing_images/test_shahid_CoffeeVendingMachine_S1/image_194.jpg
195,/data/Tobii_dataset/testing_images/test_shahid_CoffeeVendingMachine_S1/image_195.jpg
196,/data/Tobii_dataset/testing_images/test_shahid_CoffeeVendingMachine_S1/image_196.jpg
197,/data/Tobii_dataset/testing_images/test_shahid_CoffeeVendingMachine_S1/image_197.jpg
198,/data/Tobii_dataset/testing_images/test_shahid_CoffeeVendingMachine_S1/image_198.jpg
199,/data/Tobii_dataset/testing_images/test_shahid_CoffeeVendingMachine_S1/image_199.jpg
200,/data/Tobii_dataset/testing_images/test_shahid_CoffeeVendingMachine_S1/image_200.jpg
201,/data/Tobii_dataset/testing_images/test_shahid_CoffeeVendingMachine_S1/image_201.jpg
202,/data/Tobii_dataset/testing_images/test_shahid_CoffeeVendingMachine_S1/image_202.jpg
203,/data/Tobii_dataset/testing_images/test_shahid_CoffeeVendingMachine_S1/image_203.jpg
204,/data/Tobii_dataset/testing_images/test_shahid_CoffeeVendingMachine_S1/image_204.jpg
205,/data/Tobii_dataset/testing_images/test_shahid_CoffeeVendingMachine_S1/image_205.jpg
206,/data/Tobii_dataset/testing_images/test_shahid_CoffeeVendingMachine_S1/image_206.jpg
207,/data/Tobii_dataset/testing_images/test_shahid_CoffeeVendingMachine_S1/image_207.jpg
208,/data/Tobii_dataset/testing_images/test_shahid_CoffeeVendingMachine_S1/image_208.jpg
209,/data/Tobii_dataset/testing_images/test_shahid_CoffeeVendingMachine_S1/image_209.jpg
210,/data/Tobii_dataset/testing_images/test_shahid_CoffeeVendingMachine_S1/image_210.jpg
211,/data/Tobii_dataset/testing_images/test_shahid_CoffeeVendingMachine_S1/image_211.jpg
212,/data/Tobii_dataset/testing_images/test_shahid_CoffeeVendingMachine_S1/image_212.jpg
213,/data/Tobii_dataset/testing_images/test_shahid_CoffeeVendingMachine_S1/image_213.jpg
214,/data/Tobii_dataset/testing_images/test_shahid_CoffeeVendingMachine_S1/image_214.jpg
215,/data/Tobii_dataset/testing_images/test_shahid_CoffeeVendingMachine_S1/image_215.jpg
216,/data/Tobii_dataset/testing_images/test_shahid_CoffeeVendingMachine_S1/image_216.jpg
217,/data/Tobii_dataset/testing_images/test_shahid_CoffeeVendingMachine_S1/image_217.jpg
218,/data/Tobii_dataset/testing_images/test_shahid_CoffeeVendingMachine_S1/image_218.jpg
219,/data/Tobii_dataset/testing_images/test_shahid_CoffeeVendingMachine_S1/image_219.jpg
220,/data/Tobii_dataset/testing_images/test_shahid_CoffeeVendingMachine_S1/image_220.jpg
221,/data/Tobii_dataset/testing_images/test_shahid_CoffeeVendingMachine_S1/image_221.jpg
222,/data/Tobii_dataset/testing_images/test_shahid_CoffeeVendingMachine_S1/image_222.jpg
223,/data/Tobii_dataset/testing_images/test_shahid_CoffeeVendingMachine_S1/image_223.jpg
224,/data/Tobii_dataset/testing_images/test_shahid_CoffeeVendingMachine_S1/image_224.jpg
225,/data/Tobii_dataset/testing_images/test_shahid_CoffeeVendingMachine_S1/image_225.jpg
226,/data/Tobii_dataset/testing_images/test_shahid_CoffeeVendingMachine_S1/image_226.jpg
227,/data/Tobii_dataset/testing_images/test_shahid_CoffeeVendingMachine_S1/image_227.jpg
228,/data/Tobii_dataset/testing_images/test_shahid_CoffeeVendingMachine_S1/image_228.jpg
229,/data/Tobii_dataset/testing_images/test_shahid_CoffeeVendingMachine_S1/image_229.jpg
230,/data/Tobii_dataset/testing_images/test_shahid_CoffeeVendingMachine_S1/image_230.jpg
231,/data/Tobii_dataset/testing_images/test_shahid_CoffeeVendingMachine_S1/image_231.jpg
232,/data/Tobii_dataset/testing_images/test_shahid_CoffeeVendingMachine_S1/image_232.jpg
233,/data/Tobii_dataset/testing_images/test_shahid_CoffeeVendingMachine_S1/image_233.jpg
234,/data/Tobii_dataset/testing_images/test_shahid_CoffeeVendingMachine_S1/image_234.jpg
235,/data/Tobii_dataset/testing_images/test_shahid_CoffeeVendingMachine_S1/image_235.jpg
236,/data/Tobii_dataset/testing_images/test_shahid_CoffeeVendingMachine_S1/image_236.jpg
237,/data/Tobii_dataset/testing_images/test_shahid_CoffeeVendingMachine_S1/image_237.jpg
238,/data/Tobii_dataset/testing_images/test_shahid_CoffeeVendingMachine_S1/image_238.jpg
239,/data/Tobii_dataset/testing_images/test_shahid_CoffeeVendingMachine_S1/image_239.jpg
240,/data/Tobii_dataset/testing_images/test_shahid_CoffeeVendingMachine_S1/image_240.jpg
241,/data/Tobii_dataset/testing_images/test_shahid_CoffeeVendingMachine_S1/image_241.jpg
242,/data/Tobii_dataset/testing_images/test_shahid_CoffeeVendingMachine_S1/image_242.jpg
243,/data/Tobii_dataset/testing_images/test_shahid_CoffeeVendingMachine_S1/image_243.jpg
244,/data/Tobii_dataset/testing_images/test_shahid_CoffeeVendingMachine_S1/image_244.jpg
245,/data/Tobii_dataset/testing_images/test_shahid_CoffeeVendingMachine_S1/image_245.jpg
246,/data/Tobii_dataset/testing_images/test_shahid_CoffeeVendingMachine_S1/image_246.jpg
247,/data/Tobii_dataset/testing_images/test_shahid_CoffeeVendingMachine_S1/image_247.jpg
248,/data/Tobii_dataset/testing_images/test_shahid_CoffeeVendingMachine_S1/image_248.jpg
249,/data/Tobii_dataset/testing_images/test_shahid_CoffeeVendingMachine_S1/image_249.jpg
250,/data/Tobii_dataset/testing_images/test_shahid_CoffeeVendingMachine_S1/image_250.jpg
251,/data/Tobii_dataset/testing_images/test_shahid_CoffeeVendingMachine_S1/image_251.jpg
252,/data/Tobii_dataset/testing_images/test_shahid_CoffeeVendingMachine_S1/image_252.jpg
253,/data/Tobii_dataset/testing_images/test_shahid_CoffeeVendingMachine_S1/image_253.jpg
254,/data/Tobii_dataset/testing_images/test_shahid_CoffeeVendingMachine_S1/image_254.jpg
255,/data/Tobii_dataset/testing_images/test_shahid_CoffeeVendingMachine_S1/image_255.jpg
256,/data/Tobii_dataset/testing_images/test_shahid_CoffeeVendingMachine_S1/image_256.jpg
257,/data/Tobii_dataset/testing_images/test_shahid_CoffeeVendingMachine_S1/image_257.jpg
258,/data/Tobii_dataset/testing_images/test_shahid_CoffeeVendingMachine_S1/image_258.jpg
259,/data/Tobii_dataset/testing_images/test_shahid_CoffeeVendingMachine_S1/image_259.jpg
260,/data/Tobii_dataset/testing_images/test_shahid_CoffeeVendingMachine_S1/image_260.jpg
261,/data/Tobii_dataset/testing_images/test_shahid_CoffeeVendingMachine_S1/image_261.jpg
262,/data/Tobii_dataset/testing_images/test_shahid_CoffeeVendingMachine_S1/image_262.jpg
263,/data/Tobii_dataset/testing_images/test_shahid_CoffeeVendingMachine_S1/image_263.jpg
264,/data/Tobii_dataset/testing_images/test_shahid_CoffeeVendingMachine_S1/image_264.jpg
265,/data/Tobii_dataset/testing_images/test_shahid_CoffeeVendingMachine_S1/image_265.jpg
266,/data/Tobii_dataset/testing_images/test_shahid_CoffeeVendingMachine_S1/image_266.jpg
267,/data/Tobii_dataset/testing_images/test_shahid_CoffeeVendingMachine_S1/image_267.jpg
268,/data/Tobii_dataset/testing_images/test_shahid_CoffeeVendingMachine_S1/image_268.jpg
269,/data/Tobii_dataset/testing_images/test_shahid_CoffeeVendingMachine_S1/image_269.jpg
270,/data/Tobii_dataset/testing_images/test_shahid_CoffeeVendingMachine_S1/image_270.jpg
271,/data/Tobii_dataset/testing_images/test_shahid_CoffeeVendingMachine_S1/image_271.jpg
272,/data/Tobii_dataset/testing_images/test_shahid_CoffeeVendingMachine_S1/image_272.jpg
273,/data/Tobii_dataset/testing_images/test_shahid_CoffeeVendingMachine_S1/image_273.jpg
274,/data/Tobii_dataset/testing_images/test_shahid_CoffeeVendingMachine_S1/image_274.jpg
275,/data/Tobii_dataset/testing_images/test_shahid_CoffeeVendingMachine_S1/image_275.jpg
276,/data/Tobii_dataset/testing_images/test_shahid_CoffeeVendingMachine_S1/image_276.jpg
277,/data/Tobii_dataset/testing_images/test_shahid_CoffeeVendingMachine_S1/image_277.jpg
278,/data/Tobii_dataset/testing_images/test_shahid_CoffeeVendingMachine_S1/image_278.jpg
279,/data/Tobii_dataset/testing_images/test_shahid_CoffeeVendingMachine_S1/image_279.jpg
280,/data/Tobii_dataset/testing_images/test_shahid_CoffeeVendingMachine_S1/image_280.jpg
281,/data/Tobii_dataset/testing_images/test_shahid_CoffeeVendingMachine_S1/image_281.jpg
282,/data/Tobii_dataset/testing_images/test_shahid_CoffeeVendingMachine_S1/image_282.jpg
283,/data/Tobii_dataset/testing_images/test_shahid_CoffeeVendingMachine_S1/image_283.jpg
284,/data/Tobii_dataset/testing_images/test_shahid_CoffeeVendingMachine_S1/image_284.jpg
285,/data/Tobii_dataset/testing_images/test_shahid_CoffeeVendingMachine_S1/image_285.jpg
286,/data/Tobii_dataset/testing_images/test_shahid_CoffeeVendingMachine_S1/image_286.jpg
287,/data/Tobii_dataset/testing_images/test_shahid_CoffeeVendingMachine_S1/image_287.jpg
288,/data/Tobii_dataset/testing_images/test_shahid_CoffeeVendingMachine_S1/image_288.jpg
289,/data/Tobii_dataset/testing_images/test_shahid_CoffeeVendingMachine_S1/image_289.jpg
290,/data/Tobii_dataset/testing_images/test_shahid_CoffeeVendingMachine_S1/image_290.jpg
291,/data/Tobii_dataset/testing_images/test_shahid_CoffeeVendingMachine_S1/image_291.jpg
292,/data/Tobii_dataset/testing_images/test_shahid_CoffeeVendingMachine_S1/image_292.jpg
293,/data/Tobii_dataset/testing_images/test_shahid_CoffeeVendingMachine_S1/image_293.jpg
294,/data/Tobii_dataset/testing_images/test_shahid_CoffeeVendingMachine_S1/image_294.jpg
295,/data/Tobii_dataset/testing_images/test_shahid_CoffeeVendingMachine_S1/image_295.jpg
296,/data/Tobii_dataset/testing_images/test_shahid_CoffeeVendingMachine_S1/image_296.jpg
297,/data/Tobii_dataset/testing_images/test_shahid_CoffeeVendingMachine_S1/image_297.jpg
298,/data/Tobii_dataset/testing_images/test_shahid_CoffeeVendingMachine_S1/image_298.jpg
299,/data/Tobii_dataset/testing_images/test_shahid_CoffeeVendingMachine_S1/image_299.jpg
300,/data/Tobii_dataset/testing_images/test_shahid_CoffeeVendingMachine_S1/image_300.jpg
301,/data/Tobii_dataset/testing_images/test_shahid_CoffeeVendingMachine_S1/image_301.jpg
302,/data/Tobii_dataset/testing_images/test_shahid_CoffeeVendingMachine_S1/image_302.jpg
303,/data/Tobii_dataset/testing_images/test_shahid_CoffeeVendingMachine_S1/image_303.jpg
304,/data/Tobii_dataset/testing_images/test_shahid_CoffeeVendingMachine_S1/image_304.jpg
305,/data/Tobii_dataset/testing_images/test_shahid_CoffeeVendingMachine_S1/image_305.jpg
306,/data/Tobii_dataset/testing_images/test_shahid_CoffeeVendingMachine_S1/image_306.jpg
307,/data/Tobii_dataset/testing_images/test_shahid_CoffeeVendingMachine_S1/image_307.jpg
308,/data/Tobii_dataset/testing_images/test_shahid_CoffeeVendingMachine_S1/image_308.jpg
309,/data/Tobii_dataset/testing_images/test_shahid_CoffeeVendingMachine_S1/image_309.jpg
310,/data/Tobii_dataset/testing_images/test_shahid_CoffeeVendingMachine_S1/image_310.jpg
311,/data/Tobii_dataset/testing_images/test_shahid_CoffeeVendingMachine_S1/image_311.jpg
312,/data/Tobii_dataset/testing_images/test_shahid_CoffeeVendingMachine_S1/image_312.jpg
313,/data/Tobii_dataset/testing_images/test_shahid_CoffeeVendingMachine_S1/image_313.jpg
314,/data/Tobii_dataset/testing_images/test_shahid_CoffeeVendingMachine_S1/image_314.jpg
315,/data/Tobii_dataset/testing_images/test_shahid_CoffeeVendingMachine_S1/image_315.jpg
316,/data/Tobii_dataset/testing_images/test_shahid_CoffeeVendingMachine_S1/image_316.jpg
317,/data/Tobii_dataset/testing_images/test_shahid_CoffeeVendingMachine_S1/image_317.jpg
318,/data/Tobii_dataset/testing_images/test_shahid_CoffeeVendingMachine_S1/image_318.jpg
319,/data/Tobii_dataset/testing_images/test_shahid_CoffeeVendingMachine_S1/image_319.jpg
320,/data/Tobii_dataset/testing_images/test_shahid_CoffeeVendingMachine_S1/image_320.jpg
321,/data/Tobii_dataset/testing_images/test_shahid_CoffeeVendingMachine_S1/image_321.jpg
322,/data/Tobii_dataset/testing_images/test_shahid_CoffeeVendingMachine_S1/image_322.jpg
323,/data/Tobii_dataset/testing_images/test_shahid_CoffeeVendingMachine_S1/image_323.jpg
324,/data/Tobii_dataset/testing_images/test_shahid_CoffeeVendingMachine_S1/image_324.jpg
325,/data/Tobii_dataset/testing_images/test_shahid_CoffeeVendingMachine_S1/image_325.jpg
326,/data/Tobii_dataset/testing_images/test_shahid_CoffeeVendingMachine_S1/image_326.jpg
327,/data/Tobii_dataset/testing_images/test_shahid_CoffeeVendingMachine_S1/image_327.jpg
328,/data/Tobii_dataset/testing_images/test_shahid_CoffeeVendingMachine_S1/image_328.jpg
329,/data/Tobii_dataset/testing_images/test_shahid_CoffeeVendingMachine_S1/image_329.jpg
330,/data/Tobii_dataset/testing_images/test_shahid_CoffeeVendingMachine_S1/image_330.jpg
331,/data/Tobii_dataset/testing_images/test_shahid_CoffeeVendingMachine_S1/image_331.jpg
332,/data/Tobii_dataset/testing_images/test_shahid_CoffeeVendingMachine_S1/image_332.jpg
333,/data/Tobii_dataset/testing_images/test_shahid_CoffeeVendingMachine_S1/image_333.jpg
334,/data/Tobii_dataset/testing_images/test_shahid_CoffeeVendingMachine_S1/image_334.jpg
335,/data/Tobii_dataset/testing_images/test_shahid_CoffeeVendingMachine_S1/image_335.jpg
336,/data/Tobii_dataset/testing_images/test_shahid_CoffeeVendingMachine_S1/image_336.jpg
337,/data/Tobii_dataset/testing_images/test_shahid_CoffeeVendingMachine_S1/image_337.jpg
338,/data/Tobii_dataset/testing_images/test_shahid_CoffeeVendingMachine_S1/image_338.jpg
339,/data/Tobii_dataset/testing_images/test_shahid_CoffeeVendingMachine_S1/image_339.jpg
340,/data/Tobii_dataset/testing_images/test_shahid_CoffeeVendingMachine_S1/image_340.jpg
341,/data/Tobii_dataset/testing_images/test_shahid_CoffeeVendingMachine_S1/image_341.jpg
342,/data/Tobii_dataset/testing_images/test_shahid_CoffeeVendingMachine_S1/image_342.jpg
343,/data/Tobii_dataset/testing_images/test_shahid_CoffeeVendingMachine_S1/image_343.jpg
344,/data/Tobii_dataset/testing_images/test_shahid_CoffeeVendingMachine_S1/image_344.jpg
345,/data/Tobii_dataset/testing_images/test_shahid_CoffeeVendingMachine_S1/image_345.jpg
346,/data/Tobii_dataset/testing_images/test_shahid_CoffeeVendingMachine_S1/image_346.jpg
347,/data/Tobii_dataset/testing_images/test_shahid_CoffeeVendingMachine_S1/image_347.jpg
348,/data/Tobii_dataset/testing_images/test_shahid_CoffeeVendingMachine_S1/image_348.jpg
349,/data/Tobii_dataset/testing_images/test_shahid_CoffeeVendingMachine_S1/image_349.jpg
350,/data/Tobii_dataset/testing_images/test_shahid_CoffeeVendingMachine_S1/image_350.jpg
351,/data/Tobii_dataset/testing_images/test_shahid_CoffeeVendingMachine_S1/image_351.jpg
352,/data/Tobii_dataset/testing_images/test_shahid_CoffeeVendingMachine_S1/image_352.jpg
353,/data/Tobii_dataset/testing_images/test_shahid_CoffeeVendingMachine_S1/image_353.jpg
354,/data/Tobii_dataset/testing_images/test_shahid_CoffeeVendingMachine_S1/image_354.jpg
355,/data/Tobii_dataset/testing_images/test_shahid_CoffeeVendingMachine_S1/image_355.jpg
356,/data/Tobii_dataset/testing_images/test_shahid_CoffeeVendingMachine_S1/image_356.jpg
357,/data/Tobii_dataset/testing_images/test_shahid_CoffeeVendingMachine_S1/image_357.jpg
358,/data/Tobii_dataset/testing_images/test_shahid_CoffeeVendingMachine_S1/image_358.jpg
359,/data/Tobii_dataset/testing_images/test_shahid_CoffeeVendingMachine_S1/image_359.jpg
360,/data/Tobii_dataset/testing_images/test_shahid_CoffeeVendingMachine_S1/image_360.jpg
361,/data/Tobii_dataset/testing_images/test_shahid_CoffeeVendingMachine_S1/image_361.jpg
362,/data/Tobii_dataset/testing_images/test_shahid_CoffeeVendingMachine_S1/image_362.jpg
363,/data/Tobii_dataset/testing_images/test_shahid_CoffeeVendingMachine_S1/image_363.jpg
364,/data/Tobii_dataset/testing_images/test_shahid_CoffeeVendingMachine_S1/image_364.jpg
365,/data/Tobii_dataset/testing_images/test_shahid_CoffeeVendingMachine_S1/image_365.jpg
366,/data/Tobii_dataset/testing_images/test_shahid_CoffeeVendingMachine_S1/image_366.jpg
367,/data/Tobii_dataset/testing_images/test_shahid_CoffeeVendingMachine_S1/image_367.jpg
368,/data/Tobii_dataset/testing_images/test_shahid_CoffeeVendingMachine_S1/image_368.jpg
369,/data/Tobii_dataset/testing_images/test_shahid_CoffeeVendingMachine_S1/image_369.jpg
370,/data/Tobii_dataset/testing_images/test_shahid_CoffeeVendingMachine_S1/image_370.jpg
371,/data/Tobii_dataset/testing_images/test_shahid_CoffeeVendingMachine_S1/image_371.jpg
372,/data/Tobii_dataset/testing_images/test_shahid_CoffeeVendingMachine_S1/image_372.jpg
373,/data/Tobii_dataset/testing_images/test_shahid_CoffeeVendingMachine_S1/image_373.jpg
374,/data/Tobii_dataset/testing_images/test_shahid_CoffeeVendingMachine_S1/image_374.jpg
375,/data/Tobii_dataset/testing_images/test_shahid_CoffeeVendingMachine_S1/image_375.jpg
376,/data/Tobii_dataset/testing_images/test_shahid_CoffeeVendingMachine_S1/image_376.jpg
377,/data/Tobii_dataset/testing_images/test_shahid_CoffeeVendingMachine_S1/image_377.jpg
378,/data/Tobii_dataset/testing_images/test_shahid_CoffeeVendingMachine_S1/image_378.jpg
379,/data/Tobii_dataset/testing_images/test_shahid_CoffeeVendingMachine_S1/image_379.jpg
380,/data/Tobii_dataset/testing_images/test_shahid_CoffeeVendingMachine_S1/image_380.jpg
381,/data/Tobii_dataset/testing_images/test_shahid_CoffeeVendingMachine_S1/image_381.jpg
382,/data/Tobii_dataset/testing_images/test_shahid_CoffeeVendingMachine_S1/image_382.jpg
383,/data/Tobii_dataset/testing_images/test_shahid_CoffeeVendingMachine_S1/image_383.jpg
384,/data/Tobii_dataset/testing_images/test_shahid_CoffeeVendingMachine_S1/image_384.jpg
385,/data/Tobii_dataset/testing_images/test_shahid_CoffeeVendingMachine_S1/image_385.jpg
386,/data/Tobii_dataset/testing_images/test_shahid_CoffeeVendingMachine_S1/image_386.jpg
387,/data/Tobii_dataset/testing_images/test_shahid_CoffeeVendingMachine_S1/image_387.jpg
388,/data/Tobii_dataset/testing_images/test_shahid_CoffeeVendingMachine_S1/image_388.jpg
389,/data/Tobii_dataset/testing_images/test_shahid_CoffeeVendingMachine_S1/image_389.jpg
390,/data/Tobii_dataset/testing_images/test_shahid_CoffeeVendingMachine_S1/image_390.jpg
391,/data/Tobii_dataset/testing_images/test_shahid_CoffeeVendingMachine_S1/image_391.jpg
392,/data/Tobii_dataset/testing_images/test_shahid_CoffeeVendingMachine_S1/image_392.jpg
393,/data/Tobii_dataset/testing_images/test_shahid_CoffeeVendingMachine_S1/image_393.jpg
394,/data/Tobii_dataset/testing_images/test_shahid_CoffeeVendingMachine_S1/image_394.jpg
395,/data/Tobii_dataset/testing_images/test_shahid_CoffeeVendingMachine_S1/image_395.jpg
396,/data/Tobii_dataset/testing_images/test_shahid_CoffeeVendingMachine_S1/image_396.jpg
397,/data/Tobii_dataset/testing_images/test_shahid_CoffeeVendingMachine_S1/image_397.jpg
398,/data/Tobii_dataset/testing_images/test_shahid_CoffeeVendingMachine_S1/image_398.jpg
399,/data/Tobii_dataset/testing_images/test_shahid_CoffeeVendingMachine_S1/image_399.jpg
400,/data/Tobii_dataset/testing_images/test_shahid_CoffeeVendingMachine_S1/image_400.jpg
401,/data/Tobii_dataset/testing_images/test_shahid_CoffeeVendingMachine_S1/image_401.jpg
402,/data/Tobii_dataset/testing_images/test_shahid_CoffeeVendingMachine_S1/image_402.jpg
403,/data/Tobii_dataset/testing_images/test_shahid_CoffeeVendingMachine_S1/image_403.jpg
404,/data/Tobii_dataset/testing_images/test_shahid_CoffeeVendingMachine_S1/image_404.jpg
405,/data/Tobii_dataset/testing_images/test_shahid_CoffeeVendingMachine_S1/image_405.jpg
406,/data/Tobii_dataset/testing_images/test_shahid_CoffeeVendingMachine_S1/image_406.jpg
407,/data/Tobii_dataset/testing_images/test_shahid_CoffeeVendingMachine_S1/image_407.jpg
408,/data/Tobii_dataset/testing_images/test_shahid_CoffeeVendingMachine_S1/image_408.jpg
409,/data/Tobii_dataset/testing_images/test_shahid_CoffeeVendingMachine_S1/image_409.jpg
410,/data/Tobii_dataset/testing_images/test_shahid_CoffeeVendingMachine_S1/image_410.jpg
411,/data/Tobii_dataset/testing_images/test_shahid_CoffeeVendingMachine_S1/image_411.jpg
412,/data/Tobii_dataset/testing_images/test_shahid_CoffeeVendingMachine_S1/image_412.jpg
413,/data/Tobii_dataset/testing_images/test_shahid_CoffeeVendingMachine_S1/image_413.jpg
414,/data/Tobii_dataset/testing_images/test_shahid_CoffeeVendingMachine_S1/image_414.jpg
415,/data/Tobii_dataset/testing_images/test_shahid_CoffeeVendingMachine_S1/image_415.jpg
416,/data/Tobii_dataset/testing_images/test_shahid_CoffeeVendingMachine_S1/image_416.jpg
417,/data/Tobii_dataset/testing_images/test_shahid_CoffeeVendingMachine_S1/image_417.jpg
418,/data/Tobii_dataset/testing_images/test_shahid_CoffeeVendingMachine_S1/image_418.jpg
419,/data/Tobii_dataset/testing_images/test_shahid_CoffeeVendingMachine_S1/image_419.jpg
420,/data/Tobii_dataset/testing_images/test_shahid_CoffeeVendingMachine_S1/image_420.jpg
421,/data/Tobii_dataset/testing_images/test_shahid_CoffeeVendingMachine_S1/image_421.jpg
422,/data/Tobii_dataset/testing_images/test_shahid_CoffeeVendingMachine_S1/image_422.jpg
423,/data/Tobii_dataset/testing_images/test_shahid_CoffeeVendingMachine_S1/image_423.jpg
424,/data/Tobii_dataset/testing_images/test_shahid_CoffeeVendingMachine_S1/image_424.jpg
425,/data/Tobii_dataset/testing_images/test_shahid_CoffeeVendingMachine_S1/image_425.jpg
426,/data/Tobii_dataset/testing_images/test_shahid_CoffeeVendingMachine_S1/image_426.jpg
427,/data/Tobii_dataset/testing_images/test_shahid_CoffeeVendingMachine_S1/image_427.jpg
428,/data/Tobii_dataset/testing_images/test_shahid_CoffeeVendingMachine_S1/image_428.jpg
429,/data/Tobii_dataset/testing_images/test_shahid_CoffeeVendingMachine_S1/image_429.jpg
430,/data/Tobii_dataset/testing_images/test_shahid_CoffeeVendingMachine_S1/image_430.jpg
431,/data/Tobii_dataset/testing_images/test_shahid_CoffeeVendingMachine_S1/image_431.jpg
432,/data/Tobii_dataset/testing_images/test_shahid_CoffeeVendingMachine_S1/image_432.jpg
433,/data/Tobii_dataset/testing_images/test_shahid_CoffeeVendingMachine_S1/image_433.jpg
434,/data/Tobii_dataset/testing_images/test_shahid_CoffeeVendingMachine_S1/image_434.jpg
435,/data/Tobii_dataset/testing_images/test_shahid_CoffeeVendingMachine_S1/image_435.jpg
436,/data/Tobii_dataset/testing_images/test_shahid_CoffeeVendingMachine_S1/image_436.jpg
437,/data/Tobii_dataset/testing_images/test_shahid_CoffeeVendingMachine_S1/image_437.jpg
438,/data/Tobii_dataset/testing_images/test_shahid_CoffeeVendingMachine_S1/image_438.jpg
439,/data/Tobii_dataset/testing_images/test_shahid_CoffeeVendingMachine_S1/image_439.jpg
440,/data/Tobii_dataset/testing_images/test_shahid_CoffeeVendingMachine_S1/image_440.jpg
441,/data/Tobii_dataset/testing_images/test_shahid_CoffeeVendingMachine_S1/image_441.jpg
442,/data/Tobii_dataset/testing_images/test_shahid_CoffeeVendingMachine_S1/image_442.jpg
443,/data/Tobii_dataset/testing_images/test_shahid_CoffeeVendingMachine_S1/image_443.jpg
444,/data/Tobii_dataset/testing_images/test_shahid_CoffeeVendingMachine_S1/image_444.jpg
445,/data/Tobii_dataset/testing_images/test_shahid_CoffeeVendingMachine_S1/image_445.jpg
446,/data/Tobii_dataset/testing_images/test_shahid_CoffeeVendingMachine_S1/image_446.jpg
447,/data/Tobii_dataset/testing_images/test_shahid_CoffeeVendingMachine_S1/image_447.jpg
448,/data/Tobii_dataset/testing_images/test_shahid_CoffeeVendingMachine_S1/image_448.jpg
449,/data/Tobii_dataset/testing_images/test_shahid_CoffeeVendingMachine_S1/image_449.jpg
450,/data/Tobii_dataset/testing_images/test_shahid_CoffeeVendingMachine_S1/image_450.jpg
451,/data/Tobii_dataset/testing_images/test_shahid_CoffeeVendingMachine_S1/image_451.jpg
452,/data/Tobii_dataset/testing_images/test_shahid_CoffeeVendingMachine_S1/image_452.jpg
453,/data/Tobii_dataset/testing_images/test_shahid_CoffeeVendingMachine_S1/image_453.jpg
454,/data/Tobii_dataset/testing_images/test_shahid_CoffeeVendingMachine_S1/image_454.jpg
455,/data/Tobii_dataset/testing_images/test_shahid_CoffeeVendingMachine_S1/image_455.jpg
456,/data/Tobii_dataset/testing_images/test_shahid_CoffeeVendingMachine_S1/image_456.jpg
457,/data/Tobii_dataset/testing_images/test_shahid_CoffeeVendingMachine_S1/image_457.jpg
458,/data/Tobii_dataset/testing_images/test_shahid_CoffeeVendingMachine_S1/image_458.jpg
459,/data/Tobii_dataset/testing_images/test_shahid_CoffeeVendingMachine_S1/image_459.jpg
460,/data/Tobii_dataset/testing_images/test_shahid_CoffeeVendingMachine_S1/image_460.jpg
461,/data/Tobii_dataset/testing_images/test_shahid_CoffeeVendingMachine_S1/image_461.jpg
462,/data/Tobii_dataset/testing_images/test_shahid_CoffeeVendingMachine_S1/image_462.jpg
463,/data/Tobii_dataset/testing_images/test_shahid_CoffeeVendingMachine_S1/image_463.jpg
464,/data/Tobii_dataset/testing_images/test_shahid_CoffeeVendingMachine_S1/image_464.jpg
465,/data/Tobii_dataset/testing_images/test_shahid_CoffeeVendingMachine_S1/image_465.jpg
466,/data/Tobii_dataset/testing_images/test_shahid_CoffeeVendingMachine_S1/image_466.jpg
467,/data/Tobii_dataset/testing_images/test_shahid_CoffeeVendingMachine_S1/image_467.jpg
468,/data/Tobii_dataset/testing_images/test_shahid_CoffeeVendingMachine_S1/image_468.jpg
469,/data/Tobii_dataset/testing_images/test_shahid_CoffeeVendingMachine_S1/image_469.jpg
470,/data/Tobii_dataset/testing_images/test_shahid_CoffeeVendingMachine_S1/image_470.jpg
471,/data/Tobii_dataset/testing_images/test_shahid_CoffeeVendingMachine_S1/image_471.jpg
472,/data/Tobii_dataset/testing_images/test_shahid_CoffeeVendingMachine_S1/image_472.jpg
473,/data/Tobii_dataset/testing_images/test_shahid_CoffeeVendingMachine_S1/image_473.jpg
474,/data/Tobii_dataset/testing_images/test_shahid_CoffeeVendingMachine_S1/image_474.jpg
475,/data/Tobii_dataset/testing_images/test_shahid_CoffeeVendingMachine_S1/image_475.jpg
476,/data/Tobii_dataset/testing_images/test_shahid_CoffeeVendingMachine_S1/image_476.jpg
477,/data/Tobii_dataset/testing_images/test_shahid_CoffeeVendingMachine_S1/image_477.jpg
478,/data/Tobii_dataset/testing_images/test_shahid_CoffeeVendingMachine_S1/image_478.jpg
479,/data/Tobii_dataset/testing_images/test_shahid_CoffeeVendingMachine_S1/image_479.jpg
480,/data/Tobii_dataset/testing_images/test_shahid_CoffeeVendingMachine_S1/image_480.jpg
481,/data/Tobii_dataset/testing_images/test_shahid_CoffeeVendingMachine_S1/image_481.jpg
482,/data/Tobii_dataset/testing_images/test_shahid_CoffeeVendingMachine_S1/image_482.jpg
483,/data/Tobii_dataset/testing_images/test_shahid_CoffeeVendingMachine_S1/image_483.jpg
484,/data/Tobii_dataset/testing_images/test_shahid_CoffeeVendingMachine_S1/image_484.jpg
485,/data/Tobii_dataset/testing_images/test_shahid_CoffeeVendingMachine_S1/image_485.jpg
486,/data/Tobii_dataset/testing_images/test_shahid_CoffeeVendingMachine_S1/image_486.jpg
487,/data/Tobii_dataset/testing_images/test_shahid_CoffeeVendingMachine_S1/image_487.jpg
488,/data/Tobii_dataset/testing_images/test_shahid_CoffeeVendingMachine_S1/image_488.jpg
489,/data/Tobii_dataset/testing_images/test_shahid_CoffeeVendingMachine_S1/image_489.jpg
490,/data/Tobii_dataset/testing_images/test_shahid_CoffeeVendingMachine_S1/image_490.jpg
491,/data/Tobii_dataset/testing_images/test_shahid_CoffeeVendingMachine_S1/image_491.jpg
492,/data/Tobii_dataset/testing_images/test_shahid_CoffeeVendingMachine_S1/image_492.jpg
493,/data/Tobii_dataset/testing_images/test_shahid_CoffeeVendingMachine_S1/image_493.jpg
494,/data/Tobii_dataset/testing_images/test_shahid_CoffeeVendingMachine_S1/image_494.jpg
495,/data/Tobii_dataset/testing_images/test_shahid_CoffeeVendingMachine_S1/image_495.jpg
496,/data/Tobii_dataset/testing_images/test_shahid_CoffeeVendingMachine_S1/image_496.jpg
497,/data/Tobii_dataset/testing_images/test_shahid_CoffeeVendingMachine_S1/image_497.jpg
498,/data/Tobii_dataset/testing_images/test_shahid_CoffeeVendingMachine_S1/image_498.jpg
499,/data/Tobii_dataset/testing_images/test_shahid_CoffeeVendingMachine_S1/image_499.jpg
500,/data/Tobii_dataset/testing_images/test_shahid_CoffeeVendingMachine_S1/image_500.jpg
501,/data/Tobii_dataset/testing_images/test_shahid_CoffeeVendingMachine_S1/image_501.jpg
502,/data/Tobii_dataset/testing_images/test_shahid_CoffeeVendingMachine_S1/image_502.jpg
503,/data/Tobii_dataset/testing_images/test_shahid_CoffeeVendingMachine_S1/image_503.jpg
504,/data/Tobii_dataset/testing_images/test_shahid_CoffeeVendingMachine_S1/image_504.jpg
505,/data/Tobii_dataset/testing_images/test_shahid_CoffeeVendingMachine_S1/image_505.jpg
506,/data/Tobii_dataset/testing_images/test_shahid_CoffeeVendingMachine_S1/image_506.jpg
507,/data/Tobii_dataset/testing_images/test_shahid_CoffeeVendingMachine_S1/image_507.jpg
508,/data/Tobii_dataset/testing_images/test_shahid_CoffeeVendingMachine_S1/image_508.jpg
509,/data/Tobii_dataset/testing_images/test_shahid_CoffeeVendingMachine_S1/image_509.jpg
510,/data/Tobii_dataset/testing_images/test_shahid_CoffeeVendingMachine_S1/image_510.jpg
511,/data/Tobii_dataset/testing_images/test_shahid_CoffeeVendingMachine_S1/image_511.jpg
512,/data/Tobii_dataset/testing_images/test_shahid_CoffeeVendingMachine_S1/image_512.jpg
513,/data/Tobii_dataset/testing_images/test_shahid_CoffeeVendingMachine_S1/image_513.jpg
514,/data/Tobii_dataset/testing_images/test_shahid_CoffeeVendingMachine_S1/image_514.jpg
515,/data/Tobii_dataset/testing_images/test_shahid_CoffeeVendingMachine_S1/image_515.jpg
516,/data/Tobii_dataset/testing_images/test_shahid_CoffeeVendingMachine_S1/image_516.jpg
517,/data/Tobii_dataset/testing_images/test_shahid_CoffeeVendingMachine_S1/image_517.jpg
518,/data/Tobii_dataset/testing_images/test_shahid_CoffeeVendingMachine_S1/image_518.jpg
519,/data/Tobii_dataset/testing_images/test_shahid_CoffeeVendingMachine_S1/image_519.jpg
520,/data/Tobii_dataset/testing_images/test_shahid_CoffeeVendingMachine_S1/image_520.jpg
521,/data/Tobii_dataset/testing_images/test_shahid_CoffeeVendingMachine_S1/image_521.jpg
522,/data/Tobii_dataset/testing_images/test_shahid_CoffeeVendingMachine_S1/image_522.jpg
523,/data/Tobii_dataset/testing_images/test_shahid_CoffeeVendingMachine_S1/image_523.jpg
524,/data/Tobii_dataset/testing_images/test_shahid_CoffeeVendingMachine_S1/image_524.jpg
525,/data/Tobii_dataset/testing_images/test_shahid_CoffeeVendingMachine_S1/image_525.jpg
526,/data/Tobii_dataset/testing_images/test_shahid_CoffeeVendingMachine_S1/image_526.jpg
527,/data/Tobii_dataset/testing_images/test_shahid_CoffeeVendingMachine_S1/image_527.jpg
528,/data/Tobii_dataset/testing_images/test_shahid_CoffeeVendingMachine_S1/image_528.jpg
529,/data/Tobii_dataset/testing_images/test_shahid_CoffeeVendingMachine_S1/image_529.jpg
530,/data/Tobii_dataset/testing_images/test_shahid_CoffeeVendingMachine_S1/image_530.jpg
531,/data/Tobii_dataset/testing_images/test_shahid_CoffeeVendingMachine_S1/image_531.jpg
532,/data/Tobii_dataset/testing_images/test_shahid_CoffeeVendingMachine_S1/image_532.jpg
533,/data/Tobii_dataset/testing_images/test_shahid_CoffeeVendingMachine_S1/image_533.jpg
534,/data/Tobii_dataset/testing_images/test_shahid_CoffeeVendingMachine_S1/image_534.jpg
535,/data/Tobii_dataset/testing_images/test_shahid_CoffeeVendingMachine_S1/image_535.jpg
536,/data/Tobii_dataset/testing_images/test_shahid_CoffeeVendingMachine_S1/image_536.jpg
537,/data/Tobii_dataset/testing_images/test_shahid_CoffeeVendingMachine_S1/image_537.jpg
538,/data/Tobii_dataset/testing_images/test_shahid_CoffeeVendingMachine_S1/image_538.jpg
539,/data/Tobii_dataset/testing_images/test_shahid_CoffeeVendingMachine_S1/image_539.jpg
540,/data/Tobii_dataset/testing_images/test_shahid_CoffeeVendingMachine_S1/image_540.jpg
541,/data/Tobii_dataset/testing_images/test_shahid_CoffeeVendingMachine_S1/image_541.jpg
542,/data/Tobii_dataset/testing_images/test_shahid_CoffeeVendingMachine_S1/image_542.jpg
543,/data/Tobii_dataset/testing_images/test_shahid_CoffeeVendingMachine_S1/image_543.jpg
544,/data/Tobii_dataset/testing_images/test_shahid_CoffeeVendingMachine_S1/image_544.jpg
545,/data/Tobii_dataset/testing_images/test_shahid_CoffeeVendingMachine_S1/image_545.jpg
546,/data/Tobii_dataset/testing_images/test_shahid_CoffeeVendingMachine_S1/image_546.jpg
547,/data/Tobii_dataset/testing_images/test_shahid_CoffeeVendingMachine_S1/image_547.jpg
548,/data/Tobii_dataset/testing_images/test_shahid_CoffeeVendingMachine_S1/image_548.jpg
549,/data/Tobii_dataset/testing_images/test_shahid_CoffeeVendingMachine_S1/image_549.jpg
550,/data/Tobii_dataset/testing_images/test_shahid_CoffeeVendingMachine_S1/image_550.jpg
551,/data/Tobii_dataset/testing_images/test_shahid_CoffeeVendingMachine_S1/image_551.jpg
552,/data/Tobii_dataset/testing_images/test_shahid_CoffeeVendingMachine_S1/image_552.jpg
553,/data/Tobii_dataset/testing_images/test_shahid_CoffeeVendingMachine_S1/image_553.jpg
554,/data/Tobii_dataset/testing_images/test_shahid_CoffeeVendingMachine_S1/image_554.jpg
555,/data/Tobii_dataset/testing_images/test_shahid_CoffeeVendingMachine_S1/image_555.jpg
556,/data/Tobii_dataset/testing_images/test_shahid_CoffeeVendingMachine_S1/image_556.jpg
557,/data/Tobii_dataset/testing_images/test_shahid_CoffeeVendingMachine_S1/image_557.jpg
558,/data/Tobii_dataset/testing_images/test_shahid_CoffeeVendingMachine_S1/image_558.jpg
559,/data/Tobii_dataset/testing_images/test_shahid_CoffeeVendingMachine_S1/image_559.jpg
560,/data/Tobii_dataset/testing_images/test_shahid_CoffeeVendingMachine_S1/image_560.jpg
561,/data/Tobii_dataset/testing_images/test_shahid_CoffeeVendingMachine_S1/image_561.jpg
562,/data/Tobii_dataset/testing_images/test_shahid_CoffeeVendingMachine_S1/image_562.jpg
563,/data/Tobii_dataset/testing_images/test_shahid_CoffeeVendingMachine_S1/image_563.jpg
564,/data/Tobii_dataset/testing_images/test_shahid_CoffeeVendingMachine_S1/image_564.jpg
565,/data/Tobii_dataset/testing_images/test_shahid_CoffeeVendingMachine_S1/image_565.jpg
566,/data/Tobii_dataset/testing_images/test_shahid_CoffeeVendingMachine_S1/image_566.jpg
567,/data/Tobii_dataset/testing_images/test_shahid_CoffeeVendingMachine_S1/image_567.jpg
568,/data/Tobii_dataset/testing_images/test_shahid_CoffeeVendingMachine_S1/image_568.jpg
569,/data/Tobii_dataset/testing_images/test_shahid_CoffeeVendingMachine_S1/image_569.jpg
570,/data/Tobii_dataset/testing_images/test_shahid_CoffeeVendingMachine_S1/image_570.jpg
571,/data/Tobii_dataset/testing_images/test_shahid_CoffeeVendingMachine_S1/image_571.jpg
572,/data/Tobii_dataset/testing_images/test_shahid_CoffeeVendingMachine_S1/image_572.jpg
573,/data/Tobii_dataset/testing_images/test_shahid_CoffeeVendingMachine_S1/image_573.jpg
574,/data/Tobii_dataset/testing_images/test_shahid_CoffeeVendingMachine_S1/image_574.jpg
575,/data/Tobii_dataset/testing_images/test_shahid_CoffeeVendingMachine_S1/image_575.jpg
576,/data/Tobii_dataset/testing_images/test_shahid_CoffeeVendingMachine_S1/image_576.jpg
577,/data/Tobii_dataset/testing_images/test_shahid_CoffeeVendingMachine_S1/image_577.jpg
578,/data/Tobii_dataset/testing_images/test_shahid_CoffeeVendingMachine_S1/image_578.jpg
579,/data/Tobii_dataset/testing_images/test_shahid_CoffeeVendingMachine_S1/image_579.jpg
580,/data/Tobii_dataset/testing_images/test_shahid_CoffeeVendingMachine_S1/image_580.jpg
581,/data/Tobii_dataset/testing_images/test_shahid_CoffeeVendingMachine_S1/image_581.jpg
582,/data/Tobii_dataset/testing_images/test_shahid_CoffeeVendingMachine_S1/image_582.jpg
583,/data/Tobii_dataset/testing_images/test_shahid_CoffeeVendingMachine_S1/image_583.jpg
584,/data/Tobii_dataset/testing_images/test_shahid_CoffeeVendingMachine_S1/image_584.jpg
585,/data/Tobii_dataset/testing_images/test_shahid_CoffeeVendingMachine_S1/image_585.jpg
586,/data/Tobii_dataset/testing_images/test_shahid_CoffeeVendingMachine_S1/image_586.jpg
587,/data/Tobii_dataset/testing_images/test_shahid_CoffeeVendingMachine_S1/image_587.jpg
588,/data/Tobii_dataset/testing_images/test_shahid_CoffeeVendingMachine_S1/image_588.jpg
589,/data/Tobii_dataset/testing_images/test_shahid_CoffeeVendingMachine_S1/image_589.jpg
590,/data/Tobii_dataset/testing_images/test_shahid_CoffeeVendingMachine_S1/image_590.jpg
591,/data/Tobii_dataset/testing_images/test_shahid_CoffeeVendingMachine_S1/image_591.jpg
592,/data/Tobii_dataset/testing_images/test_shahid_CoffeeVendingMachine_S1/image_592.jpg
593,/data/Tobii_dataset/testing_images/test_shahid_CoffeeVendingMachine_S1/image_593.jpg
594,/data/Tobii_dataset/testing_images/test_shahid_CoffeeVendingMachine_S1/image_594.jpg
595,/data/Tobii_dataset/testing_images/test_shahid_CoffeeVendingMachine_S1/image_595.jpg
596,/data/Tobii_dataset/testing_images/test_shahid_CoffeeVendingMachine_S1/image_596.jpg
597,/data/Tobii_dataset/testing_images/test_shahid_CoffeeVendingMachine_S1/image_597.jpg
598,/data/Tobii_dataset/testing_images/test_shahid_CoffeeVendingMachine_S1/image_598.jpg
599,/data/Tobii_dataset/testing_images/test_shahid_CoffeeVendingMachine_S1/image_599.jpg
600,/data/Tobii_dataset/testing_images/test_shahid_CoffeeVendingMachine_S1/image_600.jpg
601,/data/Tobii_dataset/testing_images/test_shahid_CoffeeVendingMachine_S1/image_601.jpg
602,/data/Tobii_dataset/testing_images/test_shahid_CoffeeVendingMachine_S1/image_602.jpg
603,/data/Tobii_dataset/testing_images/test_shahid_CoffeeVendingMachine_S1/image_603.jpg
604,/data/Tobii_dataset/testing_images/test_shahid_CoffeeVendingMachine_S1/image_604.jpg
605,/data/Tobii_dataset/testing_images/test_shahid_CoffeeVendingMachine_S1/image_605.jpg
606,/data/Tobii_dataset/testing_images/test_shahid_CoffeeVendingMachine_S1/image_606.jpg
607,/data/Tobii_dataset/testing_images/test_shahid_CoffeeVendingMachine_S1/image_607.jpg
608,/data/Tobii_dataset/testing_images/test_shahid_CoffeeVendingMachine_S1/image_608.jpg
609,/data/Tobii_dataset/testing_images/test_shahid_CoffeeVendingMachine_S1/image_609.jpg
610,/data/Tobii_dataset/testing_images/test_shahid_CoffeeVendingMachine_S1/image_610.jpg
611,/data/Tobii_dataset/testing_images/test_shahid_CoffeeVendingMachine_S1/image_611.jpg
612,/data/Tobii_dataset/testing_images/test_shahid_CoffeeVendingMachine_S1/image_612.jpg
613,/data/Tobii_dataset/testing_images/test_shahid_CoffeeVendingMachine_S1/image_613.jpg
614,/data/Tobii_dataset/testing_images/test_shahid_CoffeeVendingMachine_S1/image_614.jpg
615,/data/Tobii_dataset/testing_images/test_shahid_CoffeeVendingMachine_S1/image_615.jpg
616,/data/Tobii_dataset/testing_images/test_shahid_CoffeeVendingMachine_S1/image_616.jpg
617,/data/Tobii_dataset/testing_images/test_shahid_CoffeeVendingMachine_S1/image_617.jpg
618,/data/Tobii_dataset/testing_images/test_shahid_CoffeeVendingMachine_S1/image_618.jpg
619,/data/Tobii_dataset/testing_images/test_shahid_CoffeeVendingMachine_S1/image_619.jpg
620,/data/Tobii_dataset/testing_images/test_shahid_CoffeeVendingMachine_S1/image_620.jpg
621,/data/Tobii_dataset/testing_images/test_shahid_CoffeeVendingMachine_S1/image_621.jpg
622,/data/Tobii_dataset/testing_images/test_shahid_CoffeeVendingMachine_S1/image_622.jpg
623,/data/Tobii_dataset/testing_images/test_shahid_CoffeeVendingMachine_S1/image_623.jpg
624,/data/Tobii_dataset/testing_images/test_shahid_CoffeeVendingMachine_S1/image_624.jpg
625,/data/Tobii_dataset/testing_images/test_shahid_CoffeeVendingMachine_S1/image_625.jpg
626,/data/Tobii_dataset/testing_images/test_shahid_CoffeeVendingMachine_S1/image_626.jpg
627,/data/Tobii_dataset/testing_images/test_shahid_CoffeeVendingMachine_S1/image_627.jpg
628,/data/Tobii_dataset/testing_images/test_shahid_CoffeeVendingMachine_S1/image_628.jpg
629,/data/Tobii_dataset/testing_images/test_shahid_CoffeeVendingMachine_S1/image_629.jpg
630,/data/Tobii_dataset/testing_images/test_shahid_CoffeeVendingMachine_S1/image_630.jpg
631,/data/Tobii_dataset/testing_images/test_shahid_CoffeeVendingMachine_S1/image_631.jpg
632,/data/Tobii_dataset/testing_images/test_shahid_CoffeeVendingMachine_S1/image_632.jpg
633,/data/Tobii_dataset/testing_images/test_shahid_CoffeeVendingMachine_S1/image_633.jpg
634,/data/Tobii_dataset/testing_images/test_shahid_CoffeeVendingMachine_S1/image_634.jpg
635,/data/Tobii_dataset/testing_images/test_shahid_CoffeeVendingMachine_S1/image_635.jpg
636,/data/Tobii_dataset/testing_images/test_shahid_CoffeeVendingMachine_S1/image_636.jpg
637,/data/Tobii_dataset/testing_images/test_shahid_CoffeeVendingMachine_S1/image_637.jpg
638,/data/Tobii_dataset/testing_images/test_shahid_CoffeeVendingMachine_S1/image_638.jpg
639,/data/Tobii_dataset/testing_images/test_shahid_CoffeeVendingMachine_S1/image_639.jpg
640,/data/Tobii_dataset/testing_images/test_shahid_CoffeeVendingMachine_S1/image_640.jpg
641,/data/Tobii_dataset/testing_images/test_shahid_CoffeeVendingMachine_S1/image_641.jpg
642,/data/Tobii_dataset/testing_images/test_shahid_CoffeeVendingMachine_S1/image_642.jpg
643,/data/Tobii_dataset/testing_images/test_shahid_CoffeeVendingMachine_S1/image_643.jpg
644,/data/Tobii_dataset/testing_images/test_shahid_CoffeeVendingMachine_S1/image_644.jpg
645,/data/Tobii_dataset/testing_images/test_shahid_CoffeeVendingMachine_S1/image_645.jpg
646,/data/Tobii_dataset/testing_images/test_shahid_CoffeeVendingMachine_S1/image_646.jpg
647,/data/Tobii_dataset/testing_images/test_shahid_CoffeeVendingMachine_S1/image_647.jpg
648,/data/Tobii_dataset/testing_images/test_shahid_CoffeeVendingMachine_S1/image_648.jpg
649,/data/Tobii_dataset/testing_images/test_shahid_CoffeeVendingMachine_S1/image_649.jpg
650,/data/Tobii_dataset/testing_images/test_shahid_CoffeeVendingMachine_S1/image_650.jpg
651,/data/Tobii_dataset/testing_images/test_shahid_CoffeeVendingMachine_S1/image_651.jpg
652,/data/Tobii_dataset/testing_images/test_shahid_CoffeeVendingMachine_S1/image_652.jpg
653,/data/Tobii_dataset/testing_images/test_shahid_CoffeeVendingMachine_S1/image_653.jpg
654,/data/Tobii_dataset/testing_images/test_shahid_CoffeeVendingMachine_S1/image_654.jpg
655,/data/Tobii_dataset/testing_images/test_shahid_CoffeeVendingMachine_S1/image_655.jpg
656,/data/Tobii_dataset/testing_images/test_shahid_CoffeeVendingMachine_S1/image_656.jpg
657,/data/Tobii_dataset/testing_images/test_shahid_CoffeeVendingMachine_S1/image_657.jpg
658,/data/Tobii_dataset/testing_images/test_shahid_CoffeeVendingMachine_S1/image_658.jpg
659,/data/Tobii_dataset/testing_images/test_shahid_CoffeeVendingMachine_S1/image_659.jpg
660,/data/Tobii_dataset/testing_images/test_shahid_CoffeeVendingMachine_S1/image_660.jpg
661,/data/Tobii_dataset/testing_images/test_shahid_CoffeeVendingMachine_S1/image_661.jpg
662,/data/Tobii_dataset/testing_images/test_shahid_CoffeeVendingMachine_S1/image_662.jpg
663,/data/Tobii_dataset/testing_images/test_shahid_CoffeeVendingMachine_S1/image_663.jpg
664,/data/Tobii_dataset/testing_images/test_shahid_CoffeeVendingMachine_S1/image_664.jpg
665,/data/Tobii_dataset/testing_images/test_shahid_CoffeeVendingMachine_S1/image_665.jpg
666,/data/Tobii_dataset/testing_images/test_shahid_CoffeeVendingMachine_S1/image_666.jpg
667,/data/Tobii_dataset/testing_images/test_shahid_CoffeeVendingMachine_S1/image_667.jpg
668,/data/Tobii_dataset/testing_images/test_shahid_CoffeeVendingMachine_S1/image_668.jpg
669,/data/Tobii_dataset/testing_images/test_shahid_CoffeeVendingMachine_S1/image_669.jpg
670,/data/Tobii_dataset/testing_images/test_shahid_CoffeeVendingMachine_S1/image_670.jpg
671,/data/Tobii_dataset/testing_images/test_shahid_CoffeeVendingMachine_S1/image_671.jpg
672,/data/Tobii_dataset/testing_images/test_shahid_CoffeeVendingMachine_S1/image_672.jpg
673,/data/Tobii_dataset/testing_images/test_shahid_CoffeeVendingMachine_S1/image_673.jpg
674,/data/Tobii_dataset/testing_images/test_shahid_CoffeeVendingMachine_S1/image_674.jpg
675,/data/Tobii_dataset/testing_images/test_shahid_CoffeeVendingMachine_S1/image_675.jpg
676,/data/Tobii_dataset/testing_images/test_shahid_CoffeeVendingMachine_S1/image_676.jpg
677,/data/Tobii_dataset/testing_images/test_shahid_CoffeeVendingMachine_S1/image_677.jpg
678,/data/Tobii_dataset/testing_images/test_shahid_CoffeeVendingMachine_S1/image_678.jpg
679,/data/Tobii_dataset/testing_images/test_shahid_CoffeeVendingMachine_S1/image_679.jpg
680,/data/Tobii_dataset/testing_images/test_shahid_CoffeeVendingMachine_S1/image_680.jpg
681,/data/Tobii_dataset/testing_images/test_shahid_CoffeeVendingMachine_S1/image_681.jpg
682,/data/Tobii_dataset/testing_images/test_shahid_CoffeeVendingMachine_S1/image_682.jpg
683,/data/Tobii_dataset/testing_images/test_shahid_CoffeeVendingMachine_S1/image_683.jpg
684,/data/Tobii_dataset/testing_images/test_shahid_CoffeeVendingMachine_S1/image_684.jpg
685,/data/Tobii_dataset/testing_images/test_shahid_CoffeeVendingMachine_S1/image_685.jpg
686,/data/Tobii_dataset/testing_images/test_shahid_CoffeeVendingMachine_S1/image_686.jpg
687,/data/Tobii_dataset/testing_images/test_shahid_CoffeeVendingMachine_S1/image_687.jpg
688,/data/Tobii_dataset/testing_images/test_shahid_CoffeeVendingMachine_S1/image_688.jpg
689,/data/Tobii_dataset/testing_images/test_shahid_CoffeeVendingMachine_S1/image_689.jpg
690,/data/Tobii_dataset/testing_images/test_shahid_CoffeeVendingMachine_S1/image_690.jpg
691,/data/Tobii_dataset/testing_images/test_shahid_CoffeeVendingMachine_S1/image_691.jpg
692,/data/Tobii_dataset/testing_images/test_shahid_CoffeeVendingMachine_S1/image_692.jpg
693,/data/Tobii_dataset/testing_images/test_shahid_CoffeeVendingMachine_S1/image_693.jpg
694,/data/Tobii_dataset/testing_images/test_shahid_CoffeeVendingMachine_S1/image_694.jpg
695,/data/Tobii_dataset/testing_images/test_shahid_CoffeeVendingMachine_S1/image_695.jpg
696,/data/Tobii_dataset/testing_images/test_shahid_CoffeeVendingMachine_S1/image_696.jpg
697,/data/Tobii_dataset/testing_images/test_shahid_CoffeeVendingMachine_S1/image_697.jpg
698,/data/Tobii_dataset/testing_images/test_shahid_CoffeeVendingMachine_S1/image_698.jpg
699,/data/Tobii_dataset/testing_images/test_shahid_CoffeeVendingMachine_S1/image_699.jpg
700,/data/Tobii_dataset/testing_images/test_shahid_CoffeeVendingMachine_S1/image_700.jpg
701,/data/Tobii_dataset/testing_images/test_shahid_CoffeeVendingMachine_S1/image_701.jpg
702,/data/Tobii_dataset/testing_images/test_shahid_CoffeeVendingMachine_S1/image_702.jpg
703,/data/Tobii_dataset/testing_images/test_shahid_CoffeeVendingMachine_S1/image_703.jpg
704,/data/Tobii_dataset/testing_images/test_shahid_CoffeeVendingMachine_S1/image_704.jpg
705,/data/Tobii_dataset/testing_images/test_shahid_CoffeeVendingMachine_S1/image_705.jpg
706,/data/Tobii_dataset/testing_images/test_shahid_CoffeeVendingMachine_S1/image_706.jpg
707,/data/Tobii_dataset/testing_images/test_shahid_CoffeeVendingMachine_S1/image_707.jpg
708,/data/Tobii_dataset/testing_images/test_shahid_CoffeeVendingMachine_S1/image_708.jpg
709,/data/Tobii_dataset/testing_images/test_shahid_CoffeeVendingMachine_S1/image_709.jpg
710,/data/Tobii_dataset/testing_images/test_shahid_CoffeeVendingMachine_S1/image_710.jpg
711,/data/Tobii_dataset/testing_images/test_shahid_CoffeeVendingMachine_S1/image_711.jpg
712,/data/Tobii_dataset/testing_images/test_shahid_CoffeeVendingMachine_S1/image_712.jpg
713,/data/Tobii_dataset/testing_images/test_shahid_CoffeeVendingMachine_S1/image_713.jpg
714,/data/Tobii_dataset/testing_images/test_shahid_CoffeeVendingMachine_S1/image_714.jpg
715,/data/Tobii_dataset/testing_images/test_shahid_CoffeeVendingMachine_S1/image_715.jpg
716,/data/Tobii_dataset/testing_images/test_shahid_CoffeeVendingMachine_S1/image_716.jpg
717,/data/Tobii_dataset/testing_images/test_shahid_CoffeeVendingMachine_S1/image_717.jpg
718,/data/Tobii_dataset/testing_images/test_shahid_CoffeeVendingMachine_S1/image_718.jpg
719,/data/Tobii_dataset/testing_images/test_shahid_CoffeeVendingMachine_S1/image_719.jpg
720,/data/Tobii_dataset/testing_images/test_shahid_CoffeeVendingMachine_S1/image_720.jpg
721,/data/Tobii_dataset/testing_images/test_shahid_CoffeeVendingMachine_S1/image_721.jpg
722,/data/Tobii_dataset/testing_images/test_shahid_CoffeeVendingMachine_S1/image_722.jpg
723,/data/Tobii_dataset/testing_images/test_shahid_CoffeeVendingMachine_S1/image_723.jpg
724,/data/Tobii_dataset/testing_images/test_shahid_CoffeeVendingMachine_S1/image_724.jpg
725,/data/Tobii_dataset/testing_images/test_shahid_CoffeeVendingMachine_S1/image_725.jpg
726,/data/Tobii_dataset/testing_images/test_shahid_CoffeeVendingMachine_S1/image_726.jpg
727,/data/Tobii_dataset/testing_images/test_shahid_CoffeeVendingMachine_S1/image_727.jpg
728,/data/Tobii_dataset/testing_images/test_shahid_CoffeeVendingMachine_S1/image_728.jpg
729,/data/Tobii_dataset/testing_images/test_shahid_CoffeeVendingMachine_S1/image_729.jpg
730,/data/Tobii_dataset/testing_images/test_shahid_CoffeeVendingMachine_S1/image_730.jpg
731,/data/Tobii_dataset/testing_images/test_shahid_CoffeeVendingMachine_S1/image_731.jpg
732,/data/Tobii_dataset/testing_images/test_shahid_CoffeeVendingMachine_S1/image_732.jpg
733,/data/Tobii_dataset/testing_images/test_shahid_CoffeeVendingMachine_S1/image_733.jpg
734,/data/Tobii_dataset/testing_images/test_shahid_CoffeeVendingMachine_S1/image_734.jpg
735,/data/Tobii_dataset/testing_images/test_shahid_CoffeeVendingMachine_S1/image_735.jpg
736,/data/Tobii_dataset/testing_images/test_shahid_CoffeeVendingMachine_S1/image_736.jpg
737,/data/Tobii_dataset/testing_images/test_shahid_CoffeeVendingMachine_S1/image_737.jpg
738,/data/Tobii_dataset/testing_images/test_shahid_CoffeeVendingMachine_S1/image_738.jpg
739,/data/Tobii_dataset/testing_images/test_shahid_CoffeeVendingMachine_S1/image_739.jpg
740,/data/Tobii_dataset/testing_images/test_shahid_CoffeeVendingMachine_S1/image_740.jpg
741,/data/Tobii_dataset/testing_images/test_shahid_CoffeeVendingMachine_S1/image_741.jpg
742,/data/Tobii_dataset/testing_images/test_shahid_CoffeeVendingMachine_S1/image_742.jpg
743,/data/Tobii_dataset/testing_images/test_shahid_CoffeeVendingMachine_S1/image_743.jpg
744,/data/Tobii_dataset/testing_images/test_shahid_CoffeeVendingMachine_S1/image_744.jpg
745,/data/Tobii_dataset/testing_images/test_shahid_CoffeeVendingMachine_S1/image_745.jpg
746,/data/Tobii_dataset/testing_images/test_shahid_CoffeeVendingMachine_S1/image_746.jpg
747,/data/Tobii_dataset/testing_images/test_shahid_CoffeeVendingMachine_S1/image_747.jpg
748,/data/Tobii_dataset/testing_images/test_shahid_CoffeeVendingMachine_S1/image_748.jpg
749,/data/Tobii_dataset/testing_images/test_shahid_CoffeeVendingMachine_S1/image_749.jpg
750,/data/Tobii_dataset/testing_images/test_shahid_CoffeeVendingMachine_S1/image_750.jpg
751,/data/Tobii_dataset/testing_images/test_shahid_CoffeeVendingMachine_S1/image_751.jpg
752,/data/Tobii_dataset/testing_images/test_shahid_CoffeeVendingMachine_S1/image_752.jpg
753,/data/Tobii_dataset/testing_images/test_shahid_CoffeeVendingMachine_S1/image_753.jpg
754,/data/Tobii_dataset/testing_images/test_shahid_CoffeeVendingMachine_S1/image_754.jpg
755,/data/Tobii_dataset/testing_images/test_shahid_CoffeeVendingMachine_S1/image_755.jpg
756,/data/Tobii_dataset/testing_images/test_shahid_CoffeeVendingMachine_S1/image_756.jpg
757,/data/Tobii_dataset/testing_images/test_shahid_CoffeeVendingMachine_S1/image_757.jpg
758,/data/Tobii_dataset/testing_images/test_shahid_CoffeeVendingMachine_S1/image_758.jpg
759,/data/Tobii_dataset/testing_images/test_shahid_CoffeeVendingMachine_S1/image_759.jpg
760,/data/Tobii_dataset/testing_images/test_shahid_CoffeeVendingMachine_S1/image_760.jpg
761,/data/Tobii_dataset/testing_images/test_shahid_CoffeeVendingMachine_S1/image_761.jpg
762,/data/Tobii_dataset/testing_images/test_shahid_CoffeeVendingMachine_S1/image_762.jpg
763,/data/Tobii_dataset/testing_images/test_shahid_CoffeeVendingMachine_S1/image_763.jpg
764,/data/Tobii_dataset/testing_images/test_shahid_CoffeeVendingMachine_S1/image_764.jpg
765,/data/Tobii_dataset/testing_images/test_shahid_CoffeeVendingMachine_S1/image_765.jpg
766,/data/Tobii_dataset/testing_images/test_shahid_CoffeeVendingMachine_S1/image_766.jpg
767,/data/Tobii_dataset/testing_images/test_shahid_CoffeeVendingMachine_S1/image_767.jpg
768,/data/Tobii_dataset/testing_images/test_shahid_CoffeeVendingMachine_S1/image_768.jpg
769,/data/Tobii_dataset/testing_images/test_shahid_CoffeeVendingMachine_S1/image_769.jpg
770,/data/Tobii_dataset/testing_images/test_shahid_CoffeeVendingMachine_S1/image_770.jpg
771,/data/Tobii_dataset/testing_images/test_shahid_CoffeeVendingMachine_S1/image_771.jpg
772,/data/Tobii_dataset/testing_images/test_shahid_CoffeeVendingMachine_S1/image_772.jpg
773,/data/Tobii_dataset/testing_images/test_shahid_CoffeeVendingMachine_S1/image_773.jpg
774,/data/Tobii_dataset/testing_images/test_shahid_CoffeeVendingMachine_S1/image_774.jpg
775,/data/Tobii_dataset/testing_images/test_shahid_CoffeeVendingMachine_S1/image_775.jpg
776,/data/Tobii_dataset/testing_images/test_shahid_CoffeeVendingMachine_S1/image_776.jpg
777,/data/Tobii_dataset/testing_images/test_shahid_CoffeeVendingMachine_S1/image_777.jpg
778,/data/Tobii_dataset/testing_images/test_shahid_CoffeeVendingMachine_S1/image_778.jpg
779,/data/Tobii_dataset/testing_images/test_shahid_CoffeeVendingMachine_S1/image_779.jpg
780,/data/Tobii_dataset/testing_images/test_shahid_CoffeeVendingMachine_S1/image_780.jpg
781,/data/Tobii_dataset/testing_images/test_shahid_CoffeeVendingMachine_S1/image_781.jpg
782,/data/Tobii_dataset/testing_images/test_shahid_CoffeeVendingMachine_S1/image_782.jpg
783,/data/Tobii_dataset/testing_images/test_shahid_CoffeeVendingMachine_S1/image_783.jpg
784,/data/Tobii_dataset/testing_images/test_shahid_CoffeeVendingMachine_S1/image_784.jpg
785,/data/Tobii_dataset/testing_images/test_shahid_CoffeeVendingMachine_S1/image_785.jpg
786,/data/Tobii_dataset/testing_images/test_shahid_CoffeeVendingMachine_S1/image_786.jpg
787,/data/Tobii_dataset/testing_images/test_shahid_CoffeeVendingMachine_S1/image_787.jpg
788,/data/Tobii_dataset/testing_images/test_shahid_CoffeeVendingMachine_S1/image_788.jpg
789,/data/Tobii_dataset/testing_images/test_shahid_CoffeeVendingMachine_S1/image_789.jpg
790,/data/Tobii_dataset/testing_images/test_shahid_CoffeeVendingMachine_S1/image_790.jpg
791,/data/Tobii_dataset/testing_images/test_shahid_CoffeeVendingMachine_S1/image_791.jpg
792,/data/Tobii_dataset/testing_images/test_shahid_CoffeeVendingMachine_S1/image_792.jpg
793,/data/Tobii_dataset/testing_images/test_shahid_CoffeeVendingMachine_S1/image_793.jpg
794,/data/Tobii_dataset/testing_images/test_shahid_CoffeeVendingMachine_S1/image_794.jpg
795,/data/Tobii_dataset/testing_images/test_shahid_CoffeeVendingMachine_S1/image_795.jpg
796,/data/Tobii_dataset/testing_images/test_shahid_CoffeeVendingMachine_S1/image_796.jpg
797,/data/Tobii_dataset/testing_images/test_shahid_CoffeeVendingMachine_S1/image_797.jpg
798,/data/Tobii_dataset/testing_images/test_shahid_CoffeeVendingMachine_S1/image_798.jpg
799,/data/Tobii_dataset/testing_images/test_shahid_CoffeeVendingMachine_S1/image_799.jpg
800,/data/Tobii_dataset/testing_images/test_shahid_CoffeeVendingMachine_S1/image_800.jpg
801,/data/Tobii_dataset/testing_images/test_shahid_CoffeeVendingMachine_S1/image_801.jpg
802,/data/Tobii_dataset/testing_images/test_shahid_CoffeeVendingMachine_S1/image_802.jpg
803,/data/Tobii_dataset/testing_images/test_shahid_CoffeeVendingMachine_S1/image_803.jpg
804,/data/Tobii_dataset/testing_images/test_shahid_CoffeeVendingMachine_S1/image_804.jpg
805,/data/Tobii_dataset/testing_images/test_shahid_CoffeeVendingMachine_S1/image_805.jpg
806,/data/Tobii_dataset/testing_images/test_shahid_CoffeeVendingMachine_S1/image_806.jpg
807,/data/Tobii_dataset/testing_images/test_shahid_CoffeeVendingMachine_S1/image_807.jpg
808,/data/Tobii_dataset/testing_images/test_shahid_CoffeeVendingMachine_S1/image_808.jpg
809,/data/Tobii_dataset/testing_images/test_shahid_CoffeeVendingMachine_S1/image_809.jpg
810,/data/Tobii_dataset/testing_images/test_shahid_CoffeeVendingMachine_S1/image_810.jpg
811,/data/Tobii_dataset/testing_images/test_shahid_CoffeeVendingMachine_S1/image_811.jpg
812,/data/Tobii_dataset/testing_images/test_shahid_CoffeeVendingMachine_S1/image_812.jpg
813,/data/Tobii_dataset/testing_images/test_shahid_CoffeeVendingMachine_S1/image_813.jpg
814,/data/Tobii_dataset/testing_images/test_shahid_CoffeeVendingMachine_S1/image_814.jpg
815,/data/Tobii_dataset/testing_images/test_shahid_CoffeeVendingMachine_S1/image_815.jpg
816,/data/Tobii_dataset/testing_images/test_shahid_CoffeeVendingMachine_S1/image_816.jpg
817,/data/Tobii_dataset/testing_images/test_shahid_CoffeeVendingMachine_S1/image_817.jpg
818,/data/Tobii_dataset/testing_images/test_shahid_CoffeeVendingMachine_S1/image_818.jpg
819,/data/Tobii_dataset/testing_images/test_shahid_CoffeeVendingMachine_S1/image_819.jpg
820,/data/Tobii_dataset/testing_images/test_shahid_CoffeeVendingMachine_S1/image_820.jpg
821,/data/Tobii_dataset/testing_images/test_shahid_CoffeeVendingMachine_S1/image_821.jpg
822,/data/Tobii_dataset/testing_images/test_shahid_CoffeeVendingMachine_S1/image_822.jpg
823,/data/Tobii_dataset/testing_images/test_shahid_CoffeeVendingMachine_S1/image_823.jpg
824,/data/Tobii_dataset/testing_images/test_shahid_CoffeeVendingMachine_S1/image_824.jpg
825,/data/Tobii_dataset/testing_images/test_shahid_CoffeeVendingMachine_S1/image_825.jpg
826,/data/Tobii_dataset/testing_images/test_shahid_CoffeeVendingMachine_S1/image_826.jpg
827,/data/Tobii_dataset/testing_images/test_shahid_CoffeeVendingMachine_S1/image_827.jpg
828,/data/Tobii_dataset/testing_images/test_shahid_CoffeeVendingMachine_S1/image_828.jpg
829,/data/Tobii_dataset/testing_images/test_shahid_CoffeeVendingMachine_S1/image_829.jpg
830,/data/Tobii_dataset/testing_images/test_shahid_CoffeeVendingMachine_S1/image_830.jpg
831,/data/Tobii_dataset/testing_images/test_shahid_CoffeeVendingMachine_S1/image_831.jpg
832,/data/Tobii_dataset/testing_images/test_shahid_CoffeeVendingMachine_S1/image_832.jpg
833,/data/Tobii_dataset/testing_images/test_shahid_CoffeeVendingMachine_S1/image_833.jpg
834,/data/Tobii_dataset/testing_images/test_shahid_CoffeeVendingMachine_S1/image_834.jpg
835,/data/Tobii_dataset/testing_images/test_shahid_CoffeeVendingMachine_S1/image_835.jpg
836,/data/Tobii_dataset/testing_images/test_shahid_CoffeeVendingMachine_S1/image_836.jpg
837,/data/Tobii_dataset/testing_images/test_shahid_CoffeeVendingMachine_S1/image_837.jpg
838,/data/Tobii_dataset/testing_images/test_shahid_CoffeeVendingMachine_S1/image_838.jpg
839,/data/Tobii_dataset/testing_images/test_shahid_CoffeeVendingMachine_S1/image_839.jpg
840,/data/Tobii_dataset/testing_images/test_shahid_CoffeeVendingMachine_S1/image_840.jpg
841,/data/Tobii_dataset/testing_images/test_shahid_CoffeeVendingMachine_S1/image_841.jpg
842,/data/Tobii_dataset/testing_images/test_shahid_CoffeeVendingMachine_S1/image_842.jpg
843,/data/Tobii_dataset/testing_images/test_shahid_CoffeeVendingMachine_S1/image_843.jpg
844,/data/Tobii_dataset/testing_images/test_shahid_CoffeeVendingMachine_S1/image_844.jpg
845,/data/Tobii_dataset/testing_images/test_shahid_CoffeeVendingMachine_S1/image_845.jpg
846,/data/Tobii_dataset/testing_images/test_shahid_CoffeeVendingMachine_S1/image_846.jpg
847,/data/Tobii_dataset/testing_images/test_shahid_CoffeeVendingMachine_S1/image_847.jpg
848,/data/Tobii_dataset/testing_images/test_shahid_CoffeeVendingMachine_S1/image_848.jpg
849,/data/Tobii_dataset/testing_images/test_shahid_CoffeeVendingMachine_S1/image_849.jpg
850,/data/Tobii_dataset/testing_images/test_shahid_CoffeeVendingMachine_S1/image_850.jpg
851,/data/Tobii_dataset/testing_images/test_shahid_CoffeeVendingMachine_S1/image_851.jpg
852,/data/Tobii_dataset/testing_images/test_shahid_CoffeeVendingMachine_S1/image_852.jpg
853,/data/Tobii_dataset/testing_images/test_shahid_CoffeeVendingMachine_S1/image_853.jpg
854,/data/Tobii_dataset/testing_images/test_shahid_CoffeeVendingMachine_S1/image_854.jpg
855,/data/Tobii_dataset/testing_images/test_shahid_CoffeeVendingMachine_S1/image_855.jpg
856,/data/Tobii_dataset/testing_images/test_shahid_CoffeeVendingMachine_S1/image_856.jpg
857,/data/Tobii_dataset/testing_images/test_shahid_CoffeeVendingMachine_S1/image_857.jpg
858,/data/Tobii_dataset/testing_images/test_shahid_CoffeeVendingMachine_S1/image_858.jpg
859,/data/Tobii_dataset/testing_images/test_shahid_CoffeeVendingMachine_S1/image_859.jpg
860,/data/Tobii_dataset/testing_images/test_shahid_CoffeeVendingMachine_S1/image_860.jpg
861,/data/Tobii_dataset/testing_images/test_shahid_CoffeeVendingMachine_S1/image_861.jpg
862,/data/Tobii_dataset/testing_images/test_shahid_CoffeeVendingMachine_S1/image_862.jpg
863,/data/Tobii_dataset/testing_images/test_shahid_CoffeeVendingMachine_S1/image_863.jpg
864,/data/Tobii_dataset/testing_images/test_shahid_CoffeeVendingMachine_S1/image_864.jpg
865,/data/Tobii_dataset/testing_images/test_shahid_CoffeeVendingMachine_S1/image_865.jpg
866,/data/Tobii_dataset/testing_images/test_shahid_CoffeeVendingMachine_S1/image_866.jpg
867,/data/Tobii_dataset/testing_images/test_shahid_CoffeeVendingMachine_S1/image_867.jpg
868,/data/Tobii_dataset/testing_images/test_shahid_CoffeeVendingMachine_S1/image_868.jpg
869,/data/Tobii_dataset/testing_images/test_shahid_CoffeeVendingMachine_S1/image_869.jpg
870,/data/Tobii_dataset/testing_images/test_shahid_CoffeeVendingMachine_S1/image_870.jpg
871,/data/Tobii_dataset/testing_images/test_shahid_CoffeeVendingMachine_S1/image_871.jpg
872,/data/Tobii_dataset/testing_images/test_shahid_CoffeeVendingMachine_S1/image_872.jpg
873,/data/Tobii_dataset/testing_images/test_shahid_CoffeeVendingMachine_S1/image_873.jpg
874,/data/Tobii_dataset/testing_images/test_shahid_CoffeeVendingMachine_S1/image_874.jpg
875,/data/Tobii_dataset/testing_images/test_shahid_CoffeeVendingMachine_S1/image_875.jpg
876,/data/Tobii_dataset/testing_images/test_shahid_CoffeeVendingMachine_S1/image_876.jpg
877,/data/Tobii_dataset/testing_images/test_shahid_CoffeeVendingMachine_S1/image_877.jpg
878,/data/Tobii_dataset/testing_images/test_shahid_CoffeeVendingMachine_S1/image_878.jpg
879,/data/Tobii_dataset/testing_images/test_shahid_CoffeeVendingMachine_S1/image_879.jpg
880,/data/Tobii_dataset/testing_images/test_shahid_CoffeeVendingMachine_S1/image_880.jpg
881,/data/Tobii_dataset/testing_images/test_shahid_CoffeeVendingMachine_S1/image_881.jpg
882,/data/Tobii_dataset/testing_images/test_shahid_CoffeeVendingMachine_S1/image_882.jpg
883,/data/Tobii_dataset/testing_images/test_shahid_CoffeeVendingMachine_S1/image_883.jpg
884,/data/Tobii_dataset/testing_images/test_shahid_CoffeeVendingMachine_S1/image_884.jpg
885,/data/Tobii_dataset/testing_images/test_shahid_CoffeeVendingMachine_S1/image_885.jpg
886,/data/Tobii_dataset/testing_images/test_shahid_CoffeeVendingMachine_S1/image_886.jpg
887,/data/Tobii_dataset/testing_images/test_shahid_CoffeeVendingMachine_S1/image_887.jpg
888,/data/Tobii_dataset/testing_images/test_shahid_CoffeeVendingMachine_S1/image_888.jpg
889,/data/Tobii_dataset/testing_images/test_shahid_CoffeeVendingMachine_S1/image_889.jpg
890,/data/Tobii_dataset/testing_images/test_shahid_CoffeeVendingMachine_S1/image_890.jpg
891,/data/Tobii_dataset/testing_images/test_shahid_CoffeeVendingMachine_S1/image_891.jpg
892,/data/Tobii_dataset/testing_images/test_shahid_CoffeeVendingMachine_S1/image_892.jpg
893,/data/Tobii_dataset/testing_images/test_shahid_CoffeeVendingMachine_S1/image_893.jpg
894,/data/Tobii_dataset/testing_images/test_shahid_CoffeeVendingMachine_S1/image_894.jpg
895,/data/Tobii_dataset/testing_images/test_shahid_CoffeeVendingMachine_S1/image_895.jpg
896,/data/Tobii_dataset/testing_images/test_shahid_CoffeeVendingMachine_S1/image_896.jpg
897,/data/Tobii_dataset/testing_images/test_shahid_CoffeeVendingMachine_S1/image_897.jpg
898,/data/Tobii_dataset/testing_images/test_shahid_CoffeeVendingMachine_S1/image_898.jpg
899,/data/Tobii_dataset/testing_images/test_shahid_CoffeeVendingMachine_S1/image_899.jpg
900,/data/Tobii_dataset/testing_images/test_shahid_CoffeeVendingMachine_S1/image_900.jpg
901,/data/Tobii_dataset/testing_images/test_shahid_CoffeeVendingMachine_S1/image_901.jpg
902,/data/Tobii_dataset/testing_images/test_shahid_CoffeeVendingMachine_S1/image_902.jpg
903,/data/Tobii_dataset/testing_images/test_shahid_CoffeeVendingMachine_S1/image_903.jpg
904,/data/Tobii_dataset/testing_images/test_shahid_CoffeeVendingMachine_S1/image_904.jpg
905,/data/Tobii_dataset/testing_images/test_shahid_CoffeeVendingMachine_S1/image_905.jpg
906,/data/Tobii_dataset/testing_images/test_shahid_CoffeeVendingMachine_S1/image_906.jpg
907,/data/Tobii_dataset/testing_images/test_shahid_CoffeeVendingMachine_S1/image_907.jpg
908,/data/Tobii_dataset/testing_images/test_shahid_CoffeeVendingMachine_S1/image_908.jpg
909,/data/Tobii_dataset/testing_images/test_shahid_CoffeeVendingMachine_S1/image_909.jpg
910,/data/Tobii_dataset/testing_images/test_shahid_CoffeeVendingMachine_S1/image_910.jpg
911,/data/Tobii_dataset/testing_images/test_shahid_CoffeeVendingMachine_S1/image_911.jpg
912,/data/Tobii_dataset/testing_images/test_shahid_CoffeeVendingMachine_S1/image_912.jpg
913,/data/Tobii_dataset/testing_images/test_shahid_CoffeeVendingMachine_S1/image_913.jpg
914,/data/Tobii_dataset/testing_images/test_shahid_CoffeeVendingMachine_S1/image_914.jpg
915,/data/Tobii_dataset/testing_images/test_shahid_CoffeeVendingMachine_S1/image_915.jpg
916,/data/Tobii_dataset/testing_images/test_shahid_CoffeeVendingMachine_S1/image_916.jpg
917,/data/Tobii_dataset/testing_images/test_shahid_CoffeeVendingMachine_S1/image_917.jpg
918,/data/Tobii_dataset/testing_images/test_shahid_CoffeeVendingMachine_S1/image_918.jpg
919,/data/Tobii_dataset/testing_images/test_shahid_CoffeeVendingMachine_S1/image_919.jpg
920,/data/Tobii_dataset/testing_images/test_shahid_CoffeeVendingMachine_S1/image_920.jpg
921,/data/Tobii_dataset/testing_images/test_shahid_CoffeeVendingMachine_S1/image_921.jpg
922,/data/Tobii_dataset/testing_images/test_shahid_CoffeeVendingMachine_S1/image_922.jpg
923,/data/Tobii_dataset/testing_images/test_shahid_CoffeeVendingMachine_S1/image_923.jpg
924,/data/Tobii_dataset/testing_images/test_shahid_CoffeeVendingMachine_S1/image_924.jpg
925,/data/Tobii_dataset/testing_images/test_shahid_CoffeeVendingMachine_S1/image_925.jpg
926,/data/Tobii_dataset/testing_images/test_shahid_CoffeeVendingMachine_S1/image_926.jpg
927,/data/Tobii_dataset/testing_images/test_shahid_CoffeeVendingMachine_S1/image_927.jpg
928,/data/Tobii_dataset/testing_images/test_shahid_CoffeeVendingMachine_S1/image_928.jpg
929,/data/Tobii_dataset/testing_images/test_shahid_CoffeeVendingMachine_S1/image_929.jpg
930,/data/Tobii_dataset/testing_images/test_shahid_CoffeeVendingMachine_S1/image_930.jpg
931,/data/Tobii_dataset/testing_images/test_shahid_CoffeeVendingMachine_S1/image_931.jpg
932,/data/Tobii_dataset/testing_images/test_shahid_CoffeeVendingMachine_S1/image_932.jpg
933,/data/Tobii_dataset/testing_images/test_shahid_CoffeeVendingMachine_S1/image_933.jpg
934,/data/Tobii_dataset/testing_images/test_shahid_CoffeeVendingMachine_S1/image_934.jpg
935,/data/Tobii_dataset/testing_images/test_shahid_CoffeeVendingMachine_S1/image_935.jpg
936,/data/Tobii_dataset/testing_images/test_shahid_CoffeeVendingMachine_S1/image_936.jpg
937,/data/Tobii_dataset/testing_images/test_shahid_CoffeeVendingMachine_S1/image_937.jpg
938,/data/Tobii_dataset/testing_images/test_shahid_CoffeeVendingMachine_S1/image_938.jpg
939,/data/Tobii_dataset/testing_images/test_shahid_CoffeeVendingMachine_S1/image_939.jpg
940,/data/Tobii_dataset/testing_images/test_shahid_CoffeeVendingMachine_S1/image_940.jpg
941,/data/Tobii_dataset/testing_images/test_shahid_CoffeeVendingMachine_S1/image_941.jpg
942,/data/Tobii_dataset/testing_images/test_shahid_CoffeeVendingMachine_S1/image_942.jpg
943,/data/Tobii_dataset/testing_images/test_shahid_CoffeeVendingMachine_S1/image_943.jpg
944,/data/Tobii_dataset/testing_images/test_shahid_CoffeeVendingMachine_S1/image_944.jpg
945,/data/Tobii_dataset/testing_images/test_shahid_CoffeeVendingMachine_S1/image_945.jpg
946,/data/Tobii_dataset/testing_images/test_shahid_CoffeeVendingMachine_S1/image_946.jpg
947,/data/Tobii_dataset/testing_images/test_shahid_CoffeeVendingMachine_S1/image_947.jpg
948,/data/Tobii_dataset/testing_images/test_shahid_CoffeeVendingMachine_S1/image_948.jpg
949,/data/Tobii_dataset/testing_images/test_shahid_CoffeeVendingMachine_S1/image_949.jpg
950,/data/Tobii_dataset/testing_images/test_shahid_CoffeeVendingMachine_S1/image_950.jpg
951,/data/Tobii_dataset/testing_images/test_shahid_CoffeeVendingMachine_S1/image_951.jpg
952,/data/Tobii_dataset/testing_images/test_shahid_CoffeeVendingMachine_S1/image_952.jpg
953,/data/Tobii_dataset/testing_images/test_shahid_CoffeeVendingMachine_S1/image_953.jpg
954,/data/Tobii_dataset/testing_images/test_shahid_CoffeeVendingMachine_S1/image_954.jpg
955,/data/Tobii_dataset/testing_images/test_shahid_CoffeeVendingMachine_S1/image_955.jpg
956,/data/Tobii_dataset/testing_images/test_shahid_CoffeeVendingMachine_S1/image_956.jpg
957,/data/Tobii_dataset/testing_images/test_shahid_CoffeeVendingMachine_S1/image_957.jpg
958,/data/Tobii_dataset/testing_images/test_shahid_CoffeeVendingMachine_S1/image_958.jpg
959,/data/Tobii_dataset/testing_images/test_shahid_CoffeeVendingMachine_S1/image_959.jpg
960,/data/Tobii_dataset/testing_images/test_shahid_CoffeeVendingMachine_S1/image_960.jpg
961,/data/Tobii_dataset/testing_images/test_shahid_CoffeeVendingMachine_S1/image_961.jpg
962,/data/Tobii_dataset/testing_images/test_shahid_CoffeeVendingMachine_S1/image_962.jpg
963,/data/Tobii_dataset/testing_images/test_shahid_CoffeeVendingMachine_S1/image_963.jpg
964,/data/Tobii_dataset/testing_images/test_shahid_CoffeeVendingMachine_S1/image_964.jpg
965,/data/Tobii_dataset/testing_images/test_shahid_CoffeeVendingMachine_S1/image_965.jpg
966,/data/Tobii_dataset/testing_images/test_shahid_CoffeeVendingMachine_S1/image_966.jpg
967,/data/Tobii_dataset/testing_images/test_shahid_CoffeeVendingMachine_S1/image_967.jpg
968,/data/Tobii_dataset/testing_images/test_shahid_CoffeeVendingMachine_S1/image_968.jpg
969,/data/Tobii_dataset/testing_images/test_shahid_CoffeeVendingMachine_S1/image_969.jpg
970,/data/Tobii_dataset/testing_images/test_shahid_CoffeeVendingMachine_S1/image_970.jpg
971,/data/Tobii_dataset/testing_images/test_shahid_CoffeeVendingMachine_S1/image_971.jpg
972,/data/Tobii_dataset/testing_images/test_shahid_CoffeeVendingMachine_S1/image_972.jpg
973,/data/Tobii_dataset/testing_images/test_shahid_CoffeeVendingMachine_S1/image_973.jpg
974,/data/Tobii_dataset/testing_images/test_shahid_CoffeeVendingMachine_S1/image_974.jpg
975,/data/Tobii_dataset/testing_images/test_shahid_CoffeeVendingMachine_S1/image_975.jpg
976,/data/Tobii_dataset/testing_images/test_shahid_CoffeeVendingMachine_S1/image_976.jpg
977,/data/Tobii_dataset/testing_images/test_shahid_CoffeeVendingMachine_S1/image_977.jpg
978,/data/Tobii_dataset/testing_images/test_shahid_CoffeeVendingMachine_S1/image_978.jpg
979,/data/Tobii_dataset/testing_images/test_shahid_CoffeeVendingMachine_S1/image_979.jpg
980,/data/Tobii_dataset/testing_images/test_shahid_CoffeeVendingMachine_S1/image_980.jpg
981,/data/Tobii_dataset/testing_images/test_shahid_CoffeeVendingMachine_S1/image_981.jpg
982,/data/Tobii_dataset/testing_images/test_shahid_CoffeeVendingMachine_S1/image_982.jpg
983,/data/Tobii_dataset/testing_images/test_shahid_CoffeeVendingMachine_S1/image_983.jpg
984,/data/Tobii_dataset/testing_images/test_shahid_CoffeeVendingMachine_S1/image_984.jpg
985,/data/Tobii_dataset/testing_images/test_shahid_CoffeeVendingMachine_S1/image_985.jpg
986,/data/Tobii_dataset/testing_images/test_shahid_CoffeeVendingMachine_S1/image_986.jpg
987,/data/Tobii_dataset/testing_images/test_shahid_CoffeeVendingMachine_S1/image_987.jpg
988,/data/Tobii_dataset/testing_images/test_shahid_CoffeeVendingMachine_S1/image_988.jpg
989,/data/Tobii_dataset/testing_images/test_shahid_CoffeeVendingMachine_S1/image_989.jpg
990,/data/Tobii_dataset/testing_images/test_shahid_CoffeeVendingMachine_S1/image_990.jpg
991,/data/Tobii_dataset/testing_images/test_shahid_CoffeeVendingMachine_S1/image_991.jpg
992,/data/Tobii_dataset/testing_images/test_shahid_CoffeeVendingMachine_S1/image_992.jpg
993,/data/Tobii_dataset/testing_images/test_shahid_CoffeeVendingMachine_S1/image_993.jpg
994,/data/Tobii_dataset/testing_images/test_shahid_CoffeeVendingMachine_S1/image_994.jpg
995,/data/Tobii_dataset/testing_images/test_shahid_CoffeeVendingMachine_S1/image_995.jpg
996,/data/Tobii_dataset/testing_images/test_shahid_CoffeeVendingMachine_S1/image_996.jpg
997,/data/Tobii_dataset/testing_images/test_shahid_CoffeeVendingMachine_S1/image_997.jpg
998,/data/Tobii_dataset/testing_images/test_shahid_CoffeeVendingMachine_S1/image_998.jpg
999,/data/Tobii_dataset/testing_images/test_shahid_CoffeeVendingMachine_S1/image_999.jpg
1000,/data/Tobii_dataset/testing_images/test_shahid_CoffeeVendingMachine_S1/image_1000.jpg
1001,/data/Tobii_dataset/testing_images/test_shahid_CoffeeVendingMachine_S1/image_1001.jpg
1002,/data/Tobii_dataset/testing_images/test_shahid_CoffeeVendingMachine_S1/image_1002.jpg
1003,/data/Tobii_dataset/testing_images/test_shahid_CoffeeVendingMachine_S1/image_1003.jpg
1004,/data/Tobii_dataset/testing_images/test_shahid_CoffeeVendingMachine_S1/image_1004.jpg
1005,/data/Tobii_dataset/testing_images/test_shahid_CoffeeVendingMachine_S1/image_1005.jpg
1006,/data/Tobii_dataset/testing_images/test_shahid_CoffeeVendingMachine_S1/image_1006.jpg
1007,/data/Tobii_dataset/testing_images/test_shahid_CoffeeVendingMachine_S1/image_1007.jpg
1008,/data/Tobii_dataset/testing_images/test_shahid_CoffeeVendingMachine_S1/image_1008.jpg
1009,/data/Tobii_dataset/testing_images/test_shahid_CoffeeVendingMachine_S1/image_1009.jpg
1010,/data/Tobii_dataset/testing_images/test_shahid_CoffeeVendingMachine_S1/image_1010.jpg
1011,/data/Tobii_dataset/testing_images/test_shahid_CoffeeVendingMachine_S1/image_1011.jpg
1012,/data/Tobii_dataset/testing_images/test_shahid_CoffeeVendingMachine_S1/image_1012.jpg
1013,/data/Tobii_dataset/testing_images/test_shahid_CoffeeVendingMachine_S1/image_1013.jpg
1014,/data/Tobii_dataset/testing_images/test_shahid_CoffeeVendingMachine_S1/image_1014.jpg
1015,/data/Tobii_dataset/testing_images/test_shahid_CoffeeVendingMachine_S1/image_1015.jpg
1016,/data/Tobii_dataset/testing_images/test_shahid_CoffeeVendingMachine_S1/image_1016.jpg
1017,/data/Tobii_dataset/testing_images/test_shahid_CoffeeVendingMachine_S1/image_1017.jpg
1018,/data/Tobii_dataset/testing_images/test_shahid_CoffeeVendingMachine_S1/image_1018.jpg
1019,/data/Tobii_dataset/testing_images/test_shahid_CoffeeVendingMachine_S1/image_1019.jpg
1020,/data/Tobii_dataset/testing_images/test_shahid_CoffeeVendingMachine_S1/image_1020.jpg
1021,/data/Tobii_dataset/testing_images/test_shahid_CoffeeVendingMachine_S1/image_1021.jpg
1022,/data/Tobii_dataset/testing_images/test_shahid_CoffeeVendingMachine_S1/image_1022.jpg
1023,/data/Tobii_dataset/testing_images/test_shahid_CoffeeVendingMachine_S1/image_1023.jpg
1024,/data/Tobii_dataset/testing_images/test_shahid_CoffeeVendingMachine_S1/image_1024.jpg
1025,/data/Tobii_dataset/testing_images/test_shahid_CoffeeVendingMachine_S1/image_1025.jpg
1026,/data/Tobii_dataset/testing_images/test_shahid_CoffeeVendingMachine_S1/image_1026.jpg
1027,/data/Tobii_dataset/testing_images/test_shahid_CoffeeVendingMachine_S1/image_1027.jpg
1028,/data/Tobii_dataset/testing_images/test_shahid_CoffeeVendingMachine_S1/image_1028.jpg
1029,/data/Tobii_dataset/testing_images/test_shahid_CoffeeVendingMachine_S1/image_1029.jpg
1030,/data/Tobii_dataset/testing_images/test_shahid_CoffeeVendingMachine_S1/image_1030.jpg
1031,/data/Tobii_dataset/testing_images/test_shahid_CoffeeVendingMachine_S1/image_1031.jpg
1032,/data/Tobii_dataset/testing_images/test_shahid_CoffeeVendingMachine_S1/image_1032.jpg
1033,/data/Tobii_dataset/testing_images/test_shahid_CoffeeVendingMachine_S1/image_1033.jpg
1034,/data/Tobii_dataset/testing_images/test_shahid_CoffeeVendingMachine_S1/image_1034.jpg
1035,/data/Tobii_dataset/testing_images/test_shahid_CoffeeVendingMachine_S1/image_1035.jpg
1036,/data/Tobii_dataset/testing_images/test_shahid_CoffeeVendingMachine_S1/image_1036.jpg
1037,/data/Tobii_dataset/testing_images/test_shahid_CoffeeVendingMachine_S1/image_1037.jpg
1038,/data/Tobii_dataset/testing_images/test_shahid_CoffeeVendingMachine_S1/image_1038.jpg
1039,/data/Tobii_dataset/testing_images/test_shahid_CoffeeVendingMachine_S1/image_1039.jpg
1040,/data/Tobii_dataset/testing_images/test_shahid_CoffeeVendingMachine_S1/image_1040.jpg
1041,/data/Tobii_dataset/testing_images/test_shahid_CoffeeVendingMachine_S1/image_1041.jpg
1042,/data/Tobii_dataset/testing_images/test_shahid_CoffeeVendingMachine_S1/image_1042.jpg
1043,/data/Tobii_dataset/testing_images/test_shahid_CoffeeVendingMachine_S1/image_1043.jpg
1044,/data/Tobii_dataset/testing_images/test_shahid_CoffeeVendingMachine_S1/image_1044.jpg
1045,/data/Tobii_dataset/testing_images/test_shahid_CoffeeVendingMachine_S1/image_1045.jpg
1046,/data/Tobii_dataset/testing_images/test_shahid_CoffeeVendingMachine_S1/image_1046.jpg
1047,/data/Tobii_dataset/testing_images/test_shahid_CoffeeVendingMachine_S1/image_1047.jpg
1048,/data/Tobii_dataset/testing_images/test_shahid_CoffeeVendingMachine_S1/image_1048.jpg
1049,/data/Tobii_dataset/testing_images/test_shahid_CoffeeVendingMachine_S1/image_1049.jpg
1050,/data/Tobii_dataset/testing_images/test_shahid_CoffeeVendingMachine_S1/image_1050.jpg
1051,/data/Tobii_dataset/testing_images/test_shahid_CoffeeVendingMachine_S1/image_1051.jpg
1052,/data/Tobii_dataset/testing_images/test_shahid_CoffeeVendingMachine_S1/image_1052.jpg
1053,/data/Tobii_dataset/testing_images/test_shahid_CoffeeVendingMachine_S1/image_1053.jpg
1054,/data/Tobii_dataset/testing_images/test_shahid_CoffeeVendingMachine_S1/image_1054.jpg
1055,/data/Tobii_dataset/testing_images/test_shahid_CoffeeVendingMachine_S1/image_1055.jpg
1056,/data/Tobii_dataset/testing_images/test_shahid_CoffeeVendingMachine_S1/image_1056.jpg
1057,/data/Tobii_dataset/testing_images/test_shahid_CoffeeVendingMachine_S1/image_1057.jpg
1058,/data/Tobii_dataset/testing_images/test_shahid_CoffeeVendingMachine_S1/image_1058.jpg
1059,/data/Tobii_dataset/testing_images/test_shahid_CoffeeVendingMachine_S1/image_1059.jpg
1060,/data/Tobii_dataset/testing_images/test_shahid_CoffeeVendingMachine_S1/image_1060.jpg
1061,/data/Tobii_dataset/testing_images/test_shahid_CoffeeVendingMachine_S1/image_1061.jpg
1062,/data/Tobii_dataset/testing_images/test_shahid_CoffeeVendingMachine_S1/image_1062.jpg
1063,/data/Tobii_dataset/testing_images/test_shahid_CoffeeVendingMachine_S1/image_1063.jpg
1064,/data/Tobii_dataset/testing_images/test_shahid_CoffeeVendingMachine_S1/image_1064.jpg
1065,/data/Tobii_dataset/testing_images/test_shahid_CoffeeVendingMachine_S1/image_1065.jpg
1066,/data/Tobii_dataset/testing_images/test_shahid_CoffeeVendingMachine_S1/image_1066.jpg
1067,/data/Tobii_dataset/testing_images/test_shahid_CoffeeVendingMachine_S1/image_1067.jpg
1068,/data/Tobii_dataset/testing_images/test_shahid_CoffeeVendingMachine_S1/image_1068.jpg
1069,/data/Tobii_dataset/testing_images/test_shahid_CoffeeVendingMachine_S1/image_1069.jpg
1070,/data/Tobii_dataset/testing_images/test_shahid_CoffeeVendingMachine_S1/image_1070.jpg
1071,/data/Tobii_dataset/testing_images/test_shahid_CoffeeVendingMachine_S1/image_1071.jpg
1072,/data/Tobii_dataset/testing_images/test_shahid_CoffeeVendingMachine_S1/image_1072.jpg
1073,/data/Tobii_dataset/testing_images/test_shahid_CoffeeVendingMachine_S1/image_1073.jpg
1074,/data/Tobii_dataset/testing_images/test_shahid_CoffeeVendingMachine_S1/image_1074.jpg
1075,/data/Tobii_dataset/testing_images/test_shahid_CoffeeVendingMachine_S1/image_1075.jpg
1076,/data/Tobii_dataset/testing_images/test_shahid_CoffeeVendingMachine_S1/image_1076.jpg
1077,/data/Tobii_dataset/testing_images/test_shahid_CoffeeVendingMachine_S1/image_1077.jpg
1078,/data/Tobii_dataset/testing_images/test_shahid_CoffeeVendingMachine_S1/image_1078.jpg
1079,/data/Tobii_dataset/testing_images/test_shahid_CoffeeVendingMachine_S1/image_1079.jpg
1080,/data/Tobii_dataset/testing_images/test_shahid_CoffeeVendingMachine_S1/image_1080.jpg
1081,/data/Tobii_dataset/testing_images/test_shahid_CoffeeVendingMachine_S1/image_1081.jpg
1082,/data/Tobii_dataset/testing_images/test_shahid_CoffeeVendingMachine_S1/image_1082.jpg
1083,/data/Tobii_dataset/testing_images/test_shahid_CoffeeVendingMachine_S1/image_1083.jpg
1084,/data/Tobii_dataset/testing_images/test_shahid_CoffeeVendingMachine_S1/image_1084.jpg
1085,/data/Tobii_dataset/testing_images/test_shahid_CoffeeVendingMachine_S1/image_1085.jpg
